{
  "model": "RandomForest",
  "n_estimators": 500,
  "max_depth": null,
  "seed": 42,
  "fit_seconds": 14.815064334001363,
  "val": {
    "n": 55049,
    "n_pos": 39439,
    "accuracy": 0.9426510926629004,
    "precision": 0.9377865727110382,
    "recall": 0.9853191003828697,
    "f1": 0.9609654166203,
    "pr_auc": 0.9592119325952048,
    "roc_auc": 0.9314324602095965,
    "tn": 13032,
    "fp": 2578,
    "fn": 579,
    "tp": 38860
  },
  "test": {
    "n": 59210,
    "n_pos": 41063,
    "accuracy": 0.9427123796655971,
    "precision": 0.936603231264922,
    "recall": 0.9840001948225897,
    "f1": 0.9597168780580495,
    "pr_auc": 0.9593275561363906,
    "roc_auc": 0.9383719139054584,
    "tn": 15412,
    "fp": 2735,
    "fn": 657,
    "tp": 40406
  },
  "test_per_scenario": {
    "ctu13-1": {
      "n": 860.0,
      "n_pos": 620.0,
      "f1": 0.9377104377104377,
      "pr_auc": 0.9936147605571258
    },
    "ctu13-10": {
      "n": 1048.0,
      "n_pos": 147.0,
      "f1": 0.7262569832402235,
      "pr_auc": 0.6040807415840594
    },
    "ctu13-13": {
      "n": 654.0,
      "n_pos": 159.0,
      "f1": 0.9090909090909091,
      "pr_auc": 0.9700494654858552
    },
    "ctu13-2": {
      "n": 298.0,
      "n_pos": 216.0,
      "f1": 0.9122807017543859,
      "pr_auc": 0.998042987095566
    },
    "ctu13-3": {
      "n": 1869.0,
      "n_pos": 25.0,
      "f1": 0.09302325581395349,
      "pr_auc": 0.23024844842713438
    },
    "ctu13-4": {
      "n": 351.0,
      "n_pos": 90.0,
      "f1": 0.8854166666666666,
      "pr_auc": 0.988117813041336
    },
    "ctu13-6": {
      "n": 167.0,
      "n_pos": 71.0,
      "f1": 0.9361702127659575,
      "pr_auc": 0.9881495427008449
    },
    "ctu13-8": {
      "n": 724.0,
      "n_pos": 95.0,
      "f1": 0.9117647058823529,
      "pr_auc": 0.9923312131628825
    },
    "ctu13-9": {
      "n": 2611.0,
      "n_pos": 2256.0,
      "f1": 0.9667122663018696,
      "pr_auc": 0.9987796143691554
    },
    "iot23-1-1": {
      "n": 34069.0,
      "n_pos": 31339.0,
      "f1": 0.9559525643000154,
      "pr_auc": 0.9238601237725816
    },
    "iot23-17-1": {
      "n": 484.0,
      "n_pos": 388.0,
      "f1": 0.9987129987129987,
      "pr_auc": 1.0
    },
    "iot23-3-1": {
      "n": 152.0,
      "n_pos": 152.0,
      "f1": 0.9966996699669967,
      "pr_auc": 1.0
    },
    "iot23-33-1": {
      "n": 142.0,
      "n_pos": 120.0,
      "f1": 0.9833333333333333,
      "pr_auc": 0.9851637514444125
    },
    "iot23-35-1": {
      "n": 9905.0,
      "n_pos": 31.0,
      "f1": 0.6885245901639344,
      "pr_auc": 0.5498084405423935
    },
    "iot23-48-1": {
      "n": 3711.0,
      "n_pos": 3663.0,
      "f1": 0.999863481228669,
      "pr_auc": 0.9999998510230433
    },
    "iot23-7-1": {
      "n": 93.0,
      "n_pos": 12.0,
      "f1": 0.9090909090909091,
      "pr_auc": 0.9833333333333335
    },
    "iot23-8-1": {
      "n": 879.0,
      "n_pos": 642.0,
      "f1": 1.0,
      "pr_auc": 1.0
    },
    "iot23-9-1": {
      "n": 153.0,
      "n_pos": 21.0,
      "f1": 0.9302325581395349,
      "pr_auc": 0.9887044215092597
    },
    "medbiot-bashlite_mal_CC_all": {
      "n": 56.0,
      "n_pos": 56.0,
      "f1": 1.0,
      "pr_auc": 1.0
    },
    "medbiot-bashlite_mal_spread_all": {
      "n": 800.0,
      "n_pos": 776.0,
      "f1": 0.9842931937172775,
      "pr_auc": 1.0
    },
    "medbiot-mirai_mal_CC_all": {
      "n": 52.0,
      "n_pos": 52.0,
      "f1": 1.0,
      "pr_auc": 0.9999999999999999
    },
    "medbiot-mirai_mal_spread_all": {
      "n": 116.0,
      "n_pos": 116.0,
      "f1": 0.9642857142857143,
      "pr_auc": 0.9999999999999999
    },
    "medbiot-torii_mal_all": {
      "n": 16.0,
      "n_pos": 16.0,
      "f1": 1.0,
      "pr_auc": 1.0
    }
  }
}