{
  "model": "gin",
  "hidden": 64,
  "heads": null,
  "num_layers": 3,
  "dropout": 0.3,
  "lr": 0.001,
  "weight_decay": 1e-05,
  "batch_size": 32,
  "patience": 20,
  "seed": 42,
  "device": "cpu",
  "fit_seconds": 98.8528967079983,
  "best_val_f1": 0.9514555978413832,
  "val": {
    "n": 55049,
    "n_pos": 39439,
    "accuracy": 0.9279369289178732,
    "precision": 0.9194891201513719,
    "recall": 0.9857247901823069,
    "f1": 0.9514555978413832,
    "pr_auc": 0.9385612787538942,
    "roc_auc": 0.9028008473874923,
    "tn": 12206,
    "fp": 3404,
    "fn": 563,
    "tp": 38876
  },
  "test": {
    "n": 59210,
    "n_pos": 41063,
    "accuracy": 0.9078196250633339,
    "precision": 0.9143103167399753,
    "recall": 0.9567493850912013,
    "f1": 0.9350485529322163,
    "pr_auc": 0.9330777658256886,
    "roc_auc": 0.9025908227972077,
    "tn": 14465,
    "fp": 3682,
    "fn": 1776,
    "tp": 39287
  },
  "test_per_scenario": {
    "ctu13-1": {
      "n": 860.0,
      "n_pos": 620.0,
      "f1": 0.8576544315129812,
      "pr_auc": 0.9442474315479914
    },
    "ctu13-10": {
      "n": 1048.0,
      "n_pos": 147.0,
      "f1": 0.5459770114942529,
      "pr_auc": 0.6857680676526594
    },
    "ctu13-13": {
      "n": 654.0,
      "n_pos": 159.0,
      "f1": 0.905982905982906,
      "pr_auc": 0.9799297611949086
    },
    "ctu13-2": {
      "n": 298.0,
      "n_pos": 216.0,
      "f1": 0.9976905311778291,
      "pr_auc": 1.0
    },
    "ctu13-3": {
      "n": 1869.0,
      "n_pos": 25.0,
      "f1": 0.0,
      "pr_auc": 0.06363626083755662
    },
    "ctu13-4": {
      "n": 351.0,
      "n_pos": 90.0,
      "f1": 0.7692307692307693,
      "pr_auc": 0.9906341317171592
    },
    "ctu13-6": {
      "n": 167.0,
      "n_pos": 71.0,
      "f1": 0.9714285714285714,
      "pr_auc": 0.992078341993659
    },
    "ctu13-8": {
      "n": 724.0,
      "n_pos": 95.0,
      "f1": 0.032520325203252036,
      "pr_auc": 0.28788136752868565
    },
    "ctu13-9": {
      "n": 2611.0,
      "n_pos": 2256.0,
      "f1": 0.9311551925320887,
      "pr_auc": 0.9895426751671251
    },
    "iot23-1-1": {
      "n": 34069.0,
      "n_pos": 31339.0,
      "f1": 0.9584072420331519,
      "pr_auc": 0.9377745110215681
    },
    "iot23-17-1": {
      "n": 484.0,
      "n_pos": 388.0,
      "f1": 0.7916666666666666,
      "pr_auc": 0.8047963177564779
    },
    "iot23-3-1": {
      "n": 152.0,
      "n_pos": 152.0,
      "f1": 1.0,
      "pr_auc": 1.0
    },
    "iot23-33-1": {
      "n": 142.0,
      "n_pos": 120.0,
      "f1": 0.32,
      "pr_auc": 0.853617696144613
    },
    "iot23-35-1": {
      "n": 9905.0,
      "n_pos": 31.0,
      "f1": 0.03735144312393888,
      "pr_auc": 0.10799199774723572
    },
    "iot23-48-1": {
      "n": 3711.0,
      "n_pos": 3663.0,
      "f1": 0.9216630196936543,
      "pr_auc": 0.9920132202745037
    },
    "iot23-7-1": {
      "n": 93.0,
      "n_pos": 12.0,
      "f1": 0.2857142857142857,
      "pr_auc": 0.6266417809633098
    },
    "iot23-8-1": {
      "n": 879.0,
      "n_pos": 642.0,
      "f1": 0.5292096219931272,
      "pr_auc": 0.9966702340840092
    },
    "iot23-9-1": {
      "n": 153.0,
      "n_pos": 21.0,
      "f1": 0.17391304347826086,
      "pr_auc": 0.39540305148242677
    },
    "medbiot-bashlite_mal_CC_all": {
      "n": 56.0,
      "n_pos": 56.0,
      "f1": 1.0,
      "pr_auc": 1.0
    },
    "medbiot-bashlite_mal_spread_all": {
      "n": 800.0,
      "n_pos": 776.0,
      "f1": 0.9876060013046314,
      "pr_auc": 0.999845070027878
    },
    "medbiot-mirai_mal_CC_all": {
      "n": 52.0,
      "n_pos": 52.0,
      "f1": 0.9803921568627451,
      "pr_auc": 1.0
    },
    "medbiot-mirai_mal_spread_all": {
      "n": 116.0,
      "n_pos": 116.0,
      "f1": 0.8627450980392157,
      "pr_auc": 1.0
    },
    "medbiot-torii_mal_all": {
      "n": 16.0,
      "n_pos": 16.0,
      "f1": 0.72,
      "pr_auc": 1.0
    }
  }
}