{
  "model": "XGBoost",
  "n_estimators": 500,
  "max_depth": 6,
  "learning_rate": 0.1,
  "scale_pos_weight": 0.41717640094711916,
  "best_iteration": 286,
  "seed": 42,
  "fit_seconds": 1.903800083000533,
  "val": {
    "n": 55049,
    "n_pos": 39439,
    "accuracy": 0.941997129829788,
    "precision": 0.9381346098056281,
    "recall": 0.9839245416973047,
    "f1": 0.9604841404403301,
    "pr_auc": 0.9609210261438937,
    "roc_auc": 0.9314812100698848,
    "tn": 13051,
    "fp": 2559,
    "fn": 634,
    "tp": 38805
  },
  "test": {
    "n": 59210,
    "n_pos": 41063,
    "accuracy": 0.9424928221584192,
    "precision": 0.9378633551927817,
    "recall": 0.9821493802206366,
    "f1": 0.959495628382799,
    "pr_auc": 0.9629114711553903,
    "roc_auc": 0.9406040581375269,
    "tn": 15475,
    "fp": 2672,
    "fn": 733,
    "tp": 40330
  },
  "test_per_scenario": {
    "ctu13-1": {
      "n": 860.0,
      "n_pos": 620.0,
      "f1": 0.8817204301075269,
      "pr_auc": 0.9923180157168734
    },
    "ctu13-10": {
      "n": 1048.0,
      "n_pos": 147.0,
      "f1": 0.4632352941176471,
      "pr_auc": 0.5097017200389893
    },
    "ctu13-13": {
      "n": 654.0,
      "n_pos": 159.0,
      "f1": 0.8639455782312925,
      "pr_auc": 0.961125260424061
    },
    "ctu13-2": {
      "n": 298.0,
      "n_pos": 216.0,
      "f1": 0.8426666666666667,
      "pr_auc": 0.9978651796152579
    },
    "ctu13-3": {
      "n": 1869.0,
      "n_pos": 25.0,
      "f1": 0.2,
      "pr_auc": 0.2602667630535191
    },
    "ctu13-4": {
      "n": 351.0,
      "n_pos": 90.0,
      "f1": 0.918918918918919,
      "pr_auc": 0.9615481467669513
    },
    "ctu13-6": {
      "n": 167.0,
      "n_pos": 71.0,
      "f1": 0.9402985074626866,
      "pr_auc": 0.9866031400979471
    },
    "ctu13-8": {
      "n": 724.0,
      "n_pos": 95.0,
      "f1": 0.9489795918367347,
      "pr_auc": 0.9902603057272126
    },
    "ctu13-9": {
      "n": 2611.0,
      "n_pos": 2256.0,
      "f1": 0.9462415638817779,
      "pr_auc": 0.9976559039610374
    },
    "iot23-1-1": {
      "n": 34069.0,
      "n_pos": 31339.0,
      "f1": 0.9598514380429111,
      "pr_auc": 0.9282949493222301
    },
    "iot23-17-1": {
      "n": 484.0,
      "n_pos": 388.0,
      "f1": 0.9895833333333334,
      "pr_auc": 0.9997704677212034
    },
    "iot23-3-1": {
      "n": 152.0,
      "n_pos": 152.0,
      "f1": 0.9933774834437086,
      "pr_auc": 1.0
    },
    "iot23-33-1": {
      "n": 142.0,
      "n_pos": 120.0,
      "f1": 0.9527896995708155,
      "pr_auc": 0.9963651430530717
    },
    "iot23-35-1": {
      "n": 9905.0,
      "n_pos": 31.0,
      "f1": 0.47058823529411764,
      "pr_auc": 0.4786307189216199
    },
    "iot23-48-1": {
      "n": 3711.0,
      "n_pos": 3663.0,
      "f1": 0.999863481228669,
      "pr_auc": 0.9999983701476238
    },
    "iot23-7-1": {
      "n": 93.0,
      "n_pos": 12.0,
      "f1": 0.6666666666666666,
      "pr_auc": 1.0
    },
    "iot23-8-1": {
      "n": 879.0,
      "n_pos": 642.0,
      "f1": 1.0,
      "pr_auc": 1.0
    },
    "iot23-9-1": {
      "n": 153.0,
      "n_pos": 21.0,
      "f1": 0.9047619047619048,
      "pr_auc": 0.9769117237538292
    },
    "medbiot-bashlite_mal_CC_all": {
      "n": 56.0,
      "n_pos": 56.0,
      "f1": 1.0,
      "pr_auc": 1.0000000000000002
    },
    "medbiot-bashlite_mal_spread_all": {
      "n": 800.0,
      "n_pos": 776.0,
      "f1": 0.9708222811671088,
      "pr_auc": 0.9998451185343681
    },
    "medbiot-mirai_mal_CC_all": {
      "n": 52.0,
      "n_pos": 52.0,
      "f1": 1.0,
      "pr_auc": 1.0
    },
    "medbiot-mirai_mal_spread_all": {
      "n": 116.0,
      "n_pos": 116.0,
      "f1": 0.9454545454545454,
      "pr_auc": 0.9999999999999998
    },
    "medbiot-torii_mal_all": {
      "n": 16.0,
      "n_pos": 16.0,
      "f1": 0.967741935483871,
      "pr_auc": 1.0
    }
  }
}