{
  "model": "gin",
  "hidden": 64,
  "heads": null,
  "num_layers": 3,
  "dropout": 0.3,
  "lr": 0.001,
  "weight_decay": 1e-05,
  "batch_size": 32,
  "patience": 20,
  "seed": 42,
  "device": "cuda",
  "use_focal": false,
  "focal_gamma": null,
  "focal_alpha": null,
  "drop_edge_p": 0.0,
  "fit_seconds": 104.51114869999583,
  "best_val_f1": 0.9502381824844265,
  "val": {
    "n": 55049,
    "n_pos": 39439,
    "accuracy": 0.9259932060527893,
    "precision": 0.9167354057175179,
    "recall": 0.9862826136565329,
    "f1": 0.9502381824844265,
    "pr_auc": 0.9462795192247909,
    "roc_auc": 0.9104484964406063,
    "tn": 12077,
    "fp": 3533,
    "fn": 541,
    "tp": 38898
  },
  "test": {
    "n": 59210,
    "n_pos": 41063,
    "accuracy": 0.9207228508697856,
    "precision": 0.9212397785447891,
    "recall": 0.9684874461193775,
    "f1": 0.9442729603950992,
    "pr_auc": 0.9490212232237151,
    "roc_auc": 0.9198380033043214,
    "tn": 14747,
    "fp": 3400,
    "fn": 1294,
    "tp": 39769
  },
  "test_per_scenario": {
    "ctu13-1": {
      "n": 860.0,
      "n_pos": 620.0,
      "f1": 0.872435325602141,
      "pr_auc": 0.9576174380628608
    },
    "ctu13-10": {
      "n": 1048.0,
      "n_pos": 147.0,
      "f1": 0.5900621118012422,
      "pr_auc": 0.7080605375983702
    },
    "ctu13-13": {
      "n": 654.0,
      "n_pos": 159.0,
      "f1": 0.8957055214723927,
      "pr_auc": 0.9693695021738635
    },
    "ctu13-2": {
      "n": 298.0,
      "n_pos": 216.0,
      "f1": 0.9835294117647059,
      "pr_auc": 0.9996595339468358
    },
    "ctu13-3": {
      "n": 1869.0,
      "n_pos": 25.0,
      "f1": 0.0,
      "pr_auc": 0.12371828624976106
    },
    "ctu13-4": {
      "n": 351.0,
      "n_pos": 90.0,
      "f1": 0.9175257731958762,
      "pr_auc": 0.9867635309907652
    },
    "ctu13-6": {
      "n": 167.0,
      "n_pos": 71.0,
      "f1": 0.9635036496350365,
      "pr_auc": 0.9895258504213746
    },
    "ctu13-8": {
      "n": 724.0,
      "n_pos": 95.0,
      "f1": 0.05454545454545454,
      "pr_auc": 0.4022307371718623
    },
    "ctu13-9": {
      "n": 2611.0,
      "n_pos": 2256.0,
      "f1": 0.9215871516296646,
      "pr_auc": 0.9919368288487287
    },
    "iot23-1-1": {
      "n": 34069.0,
      "n_pos": 31339.0,
      "f1": 0.9584072420331519,
      "pr_auc": 0.9373881581617253
    },
    "iot23-17-1": {
      "n": 484.0,
      "n_pos": 388.0,
      "f1": 0.8264900662251655,
      "pr_auc": 0.8881255144154351
    },
    "iot23-3-1": {
      "n": 152.0,
      "n_pos": 152.0,
      "f1": 0.9933774834437086,
      "pr_auc": 0.9999999999999998
    },
    "iot23-33-1": {
      "n": 142.0,
      "n_pos": 120.0,
      "f1": 0.18705035971223022,
      "pr_auc": 0.8131667440924104
    },
    "iot23-35-1": {
      "n": 9905.0,
      "n_pos": 31.0,
      "f1": 0.027586206896551724,
      "pr_auc": 0.11416607672590254
    },
    "iot23-48-1": {
      "n": 3711.0,
      "n_pos": 3663.0,
      "f1": 0.9812775330396476,
      "pr_auc": 0.9915514578665416
    },
    "iot23-7-1": {
      "n": 93.0,
      "n_pos": 12.0,
      "f1": 0.2857142857142857,
      "pr_auc": 0.6619400991633756
    },
    "iot23-8-1": {
      "n": 879.0,
      "n_pos": 642.0,
      "f1": 0.7806267806267806,
      "pr_auc": 1.0
    },
    "iot23-9-1": {
      "n": 153.0,
      "n_pos": 21.0,
      "f1": 0.41379310344827586,
      "pr_auc": 0.45480166613743317
    },
    "medbiot-bashlite_mal_CC_all": {
      "n": 56.0,
      "n_pos": 56.0,
      "f1": 1.0,
      "pr_auc": 1.0
    },
    "medbiot-bashlite_mal_spread_all": {
      "n": 800.0,
      "n_pos": 776.0,
      "f1": 0.9755775577557756,
      "pr_auc": 1.0
    },
    "medbiot-mirai_mal_CC_all": {
      "n": 52.0,
      "n_pos": 52.0,
      "f1": 0.8314606741573034,
      "pr_auc": 1.0
    },
    "medbiot-mirai_mal_spread_all": {
      "n": 116.0,
      "n_pos": 116.0,
      "f1": 0.845771144278607,
      "pr_auc": 0.9999999999999999
    },
    "medbiot-torii_mal_all": {
      "n": 16.0,
      "n_pos": 16.0,
      "f1": 0.2222222222222222,
      "pr_auc": 1.0
    }
  }
}