{
  "model": "gat",
  "hidden": 64,
  "heads": 4,
  "num_layers": 2,
  "dropout": 0.3,
  "lr": 0.001,
  "weight_decay": 1e-05,
  "batch_size": 32,
  "patience": 20,
  "seed": 42,
  "device": "cpu",
  "fit_seconds": 62.9762707910013,
  "best_val_f1": 0.901405308944903,
  "val": {
    "n": 55049,
    "n_pos": 39439,
    "accuracy": 0.8554742138821777,
    "precision": 0.881565870803539,
    "recall": 0.9221582697330054,
    "f1": 0.901405308944903,
    "pr_auc": 0.9261467268558176,
    "roc_auc": 0.8708016559407769,
    "tn": 10724,
    "fp": 4886,
    "fn": 3070,
    "tp": 36369
  },
  "test": {
    "n": 59210,
    "n_pos": 41063,
    "accuracy": 0.8672859314305016,
    "precision": 0.8920769866572205,
    "recall": 0.9199279156418186,
    "f1": 0.905788413581431,
    "pr_auc": 0.9334465842177114,
    "roc_auc": 0.8995087439486531,
    "tn": 13577,
    "fp": 4570,
    "fn": 3288,
    "tp": 37775
  },
  "test_per_scenario": {
    "ctu13-1": {
      "n": 860.0,
      "n_pos": 620.0,
      "f1": 0.7477386934673367,
      "pr_auc": 0.9772826372632866
    },
    "ctu13-10": {
      "n": 1048.0,
      "n_pos": 147.0,
      "f1": 0.4542124542124542,
      "pr_auc": 0.3648866069812395
    },
    "ctu13-13": {
      "n": 654.0,
      "n_pos": 159.0,
      "f1": 0.3316062176165803,
      "pr_auc": 0.8138702797912067
    },
    "ctu13-2": {
      "n": 298.0,
      "n_pos": 216.0,
      "f1": 0.6415094339622641,
      "pr_auc": 0.9886064273814814
    },
    "ctu13-3": {
      "n": 1869.0,
      "n_pos": 25.0,
      "f1": 0.0,
      "pr_auc": 0.18241786154002324
    },
    "ctu13-4": {
      "n": 351.0,
      "n_pos": 90.0,
      "f1": 0.16326530612244897,
      "pr_auc": 0.8966903557704506
    },
    "ctu13-6": {
      "n": 167.0,
      "n_pos": 71.0,
      "f1": 0.13157894736842105,
      "pr_auc": 0.8905065216661857
    },
    "ctu13-8": {
      "n": 724.0,
      "n_pos": 95.0,
      "f1": 0.0,
      "pr_auc": 0.6685535577675839
    },
    "ctu13-9": {
      "n": 2611.0,
      "n_pos": 2256.0,
      "f1": 0.7046691492409052,
      "pr_auc": 0.9825820603625925
    },
    "iot23-1-1": {
      "n": 34069.0,
      "n_pos": 31339.0,
      "f1": 0.9604512845668036,
      "pr_auc": 0.9186284189862917
    },
    "iot23-17-1": {
      "n": 484.0,
      "n_pos": 388.0,
      "f1": 0.5338208409506399,
      "pr_auc": 0.8815142364536965
    },
    "iot23-3-1": {
      "n": 152.0,
      "n_pos": 152.0,
      "f1": 0.0,
      "pr_auc": 1.0
    },
    "iot23-33-1": {
      "n": 142.0,
      "n_pos": 120.0,
      "f1": 0.03278688524590164,
      "pr_auc": 0.8736201307150007
    },
    "iot23-35-1": {
      "n": 9905.0,
      "n_pos": 31.0,
      "f1": 0.016815554387808723,
      "pr_auc": 0.011175553003362612
    },
    "iot23-48-1": {
      "n": 3711.0,
      "n_pos": 3663.0,
      "f1": 0.9797938144329897,
      "pr_auc": 0.9928473183210149
    },
    "iot23-7-1": {
      "n": 93.0,
      "n_pos": 12.0,
      "f1": 0.0,
      "pr_auc": 0.38066000103041525
    },
    "iot23-8-1": {
      "n": 879.0,
      "n_pos": 642.0,
      "f1": 0.0,
      "pr_auc": 0.7178516651074591
    },
    "iot23-9-1": {
      "n": 153.0,
      "n_pos": 21.0,
      "f1": 0.25,
      "pr_auc": 0.3283886734585534
    },
    "medbiot-bashlite_mal_CC_all": {
      "n": 56.0,
      "n_pos": 56.0,
      "f1": 0.4225352112676056,
      "pr_auc": 1.0
    },
    "medbiot-bashlite_mal_spread_all": {
      "n": 800.0,
      "n_pos": 776.0,
      "f1": 0.9889250814332248,
      "pr_auc": 1.0
    },
    "medbiot-mirai_mal_CC_all": {
      "n": 52.0,
      "n_pos": 52.0,
      "f1": 1.0,
      "pr_auc": 1.0000000000000002
    },
    "medbiot-mirai_mal_spread_all": {
      "n": 116.0,
      "n_pos": 116.0,
      "f1": 0.7979274611398963,
      "pr_auc": 0.9999999999999999
    },
    "medbiot-torii_mal_all": {
      "n": 16.0,
      "n_pos": 16.0,
      "f1": 0.11764705882352941,
      "pr_auc": 1.0
    }
  }
}