{
  "model": "gat",
  "hidden": 64,
  "heads": 4,
  "num_layers": 2,
  "dropout": 0.3,
  "lr": 0.001,
  "weight_decay": 1e-05,
  "batch_size": 32,
  "patience": 20,
  "seed": 42,
  "device": "cuda",
  "use_focal": false,
  "focal_gamma": null,
  "focal_alpha": null,
  "drop_edge_p": 0.0,
  "fit_seconds": 32.790396000025794,
  "best_val_f1": 0.9056514365522745,
  "val": {
    "n": 55049,
    "n_pos": 39439,
    "accuracy": 0.8625588112408945,
    "precision": 0.8910509655730866,
    "recall": 0.9207383554349755,
    "f1": 0.9056514365522745,
    "pr_auc": 0.9128005337214055,
    "roc_auc": 0.8692587506791073,
    "tn": 11170,
    "fp": 4440,
    "fn": 3126,
    "tp": 36313
  },
  "test": {
    "n": 59210,
    "n_pos": 41063,
    "accuracy": 0.8760175646005742,
    "precision": 0.9024681338616508,
    "recall": 0.9207315588242456,
    "f1": 0.9115083718070808,
    "pr_auc": 0.9219936465412596,
    "roc_auc": 0.8942361858426339,
    "tn": 14061,
    "fp": 4086,
    "fn": 3255,
    "tp": 37808
  },
  "test_per_scenario": {
    "ctu13-1": {
      "n": 860.0,
      "n_pos": 620.0,
      "f1": 0.7803921568627451,
      "pr_auc": 0.9762095611786448
    },
    "ctu13-10": {
      "n": 1048.0,
      "n_pos": 147.0,
      "f1": 0.17316017316017315,
      "pr_auc": 0.34482568848493794
    },
    "ctu13-13": {
      "n": 654.0,
      "n_pos": 159.0,
      "f1": 0.0,
      "pr_auc": 0.6914049108447415
    },
    "ctu13-2": {
      "n": 298.0,
      "n_pos": 216.0,
      "f1": 0.8808290155440415,
      "pr_auc": 0.9931269429326651
    },
    "ctu13-3": {
      "n": 1869.0,
      "n_pos": 25.0,
      "f1": 0.0,
      "pr_auc": 0.21204714261426486
    },
    "ctu13-4": {
      "n": 351.0,
      "n_pos": 90.0,
      "f1": 0.0,
      "pr_auc": 0.865914920730713
    },
    "ctu13-6": {
      "n": 167.0,
      "n_pos": 71.0,
      "f1": 0.13157894736842105,
      "pr_auc": 0.9415554324464579
    },
    "ctu13-8": {
      "n": 724.0,
      "n_pos": 95.0,
      "f1": 0.0,
      "pr_auc": 0.5798613908355528
    },
    "ctu13-9": {
      "n": 2611.0,
      "n_pos": 2256.0,
      "f1": 0.7052752293577982,
      "pr_auc": 0.9883898762323795
    },
    "iot23-1-1": {
      "n": 34069.0,
      "n_pos": 31339.0,
      "f1": 0.9582638750822029,
      "pr_auc": 0.9112456032151597
    },
    "iot23-17-1": {
      "n": 484.0,
      "n_pos": 388.0,
      "f1": 0.524822695035461,
      "pr_auc": 0.8285813536241353
    },
    "iot23-3-1": {
      "n": 152.0,
      "n_pos": 152.0,
      "f1": 0.12345679012345678,
      "pr_auc": 1.0
    },
    "iot23-33-1": {
      "n": 142.0,
      "n_pos": 120.0,
      "f1": 0.064,
      "pr_auc": 0.8761442304194145
    },
    "iot23-35-1": {
      "n": 9905.0,
      "n_pos": 31.0,
      "f1": 0.02459016393442623,
      "pr_auc": 0.10978549375096881
    },
    "iot23-48-1": {
      "n": 3711.0,
      "n_pos": 3663.0,
      "f1": 0.9795132682524406,
      "pr_auc": 0.9914224530516862
    },
    "iot23-7-1": {
      "n": 93.0,
      "n_pos": 12.0,
      "f1": 0.0,
      "pr_auc": 0.2719285473066486
    },
    "iot23-8-1": {
      "n": 879.0,
      "n_pos": 642.0,
      "f1": 0.0,
      "pr_auc": 0.7940148455694382
    },
    "iot23-9-1": {
      "n": 153.0,
      "n_pos": 21.0,
      "f1": 0.16,
      "pr_auc": 0.18853228890344287
    },
    "medbiot-bashlite_mal_CC_all": {
      "n": 56.0,
      "n_pos": 56.0,
      "f1": 1.0,
      "pr_auc": 1.0
    },
    "medbiot-bashlite_mal_spread_all": {
      "n": 800.0,
      "n_pos": 776.0,
      "f1": 0.9755775577557756,
      "pr_auc": 1.0
    },
    "medbiot-mirai_mal_CC_all": {
      "n": 52.0,
      "n_pos": 52.0,
      "f1": 1.0,
      "pr_auc": 1.0000000000000002
    },
    "medbiot-mirai_mal_spread_all": {
      "n": 116.0,
      "n_pos": 116.0,
      "f1": 0.6966292134831461,
      "pr_auc": 0.9999999999999999
    },
    "medbiot-torii_mal_all": {
      "n": 16.0,
      "n_pos": 16.0,
      "f1": 0.2222222222222222,
      "pr_auc": 1.0
    }
  }
}