{
  "model": "gine",
  "hidden": 64,
  "heads": null,
  "num_layers": 2,
  "dropout": 0.3,
  "lr": 0.001,
  "weight_decay": 1e-05,
  "batch_size": 32,
  "patience": 20,
  "seed": 42,
  "device": "cuda",
  "use_focal": true,
  "focal_gamma": 2.0,
  "focal_alpha": null,
  "drop_edge_p": 0.2,
  "fit_seconds": 106.30125769998995,
  "best_val_f1": 0.9626217457886677,
  "val": {
    "n": 55049,
    "n_pos": 39439,
    "accuracy": 0.944576649893731,
    "precision": 0.93128051960366,
    "recall": 0.9961459469053475,
    "f1": 0.9626217457886677,
    "pr_auc": 0.9642993950276457,
    "roc_auc": 0.9344904900128856,
    "tn": 12711,
    "fp": 2899,
    "fn": 152,
    "tp": 39287
  },
  "test": {
    "n": 59210,
    "n_pos": 41063,
    "accuracy": 0.9420537071440636,
    "precision": 0.9303160590952751,
    "recall": 0.9906485156953949,
    "f1": 0.9595348453219168,
    "pr_auc": 0.9609932593074584,
    "roc_auc": 0.9384894534861209,
    "tn": 15100,
    "fp": 3047,
    "fn": 384,
    "tp": 40679
  },
  "test_per_scenario": {
    "ctu13-1": {
      "n": 860.0,
      "n_pos": 620.0,
      "f1": 0.9935379644588045,
      "pr_auc": 0.9998038838848455
    },
    "ctu13-10": {
      "n": 1048.0,
      "n_pos": 147.0,
      "f1": 0.6666666666666666,
      "pr_auc": 0.6974295919968335
    },
    "ctu13-13": {
      "n": 654.0,
      "n_pos": 159.0,
      "f1": 0.9844236760124611,
      "pr_auc": 0.9989830511251561
    },
    "ctu13-2": {
      "n": 298.0,
      "n_pos": 216.0,
      "f1": 0.993006993006993,
      "pr_auc": 1.0
    },
    "ctu13-3": {
      "n": 1869.0,
      "n_pos": 25.0,
      "f1": 0.5581395348837209,
      "pr_auc": 0.3561931102078595
    },
    "ctu13-4": {
      "n": 351.0,
      "n_pos": 90.0,
      "f1": 0.946236559139785,
      "pr_auc": 0.9895898712739898
    },
    "ctu13-6": {
      "n": 167.0,
      "n_pos": 71.0,
      "f1": 0.9787234042553191,
      "pr_auc": 0.9944427027142788
    },
    "ctu13-8": {
      "n": 724.0,
      "n_pos": 95.0,
      "f1": 0.9312169312169312,
      "pr_auc": 0.8729205835657361
    },
    "ctu13-9": {
      "n": 2611.0,
      "n_pos": 2256.0,
      "f1": 0.9787426503844414,
      "pr_auc": 0.9998118497205751
    },
    "iot23-1-1": {
      "n": 34069.0,
      "n_pos": 31339.0,
      "f1": 0.9607885216751487,
      "pr_auc": 0.942829524385965
    },
    "iot23-17-1": {
      "n": 484.0,
      "n_pos": 388.0,
      "f1": 1.0,
      "pr_auc": 1.0
    },
    "iot23-3-1": {
      "n": 152.0,
      "n_pos": 152.0,
      "f1": 0.9966996699669967,
      "pr_auc": 0.9999999999999998
    },
    "iot23-33-1": {
      "n": 142.0,
      "n_pos": 120.0,
      "f1": 0.933920704845815,
      "pr_auc": 0.9949792814571663
    },
    "iot23-35-1": {
      "n": 9905.0,
      "n_pos": 31.0,
      "f1": 0.06711409395973154,
      "pr_auc": 0.22796340044861677
    },
    "iot23-48-1": {
      "n": 3711.0,
      "n_pos": 3663.0,
      "f1": 0.9851780024934201,
      "pr_auc": 0.9996491202333886
    },
    "iot23-7-1": {
      "n": 93.0,
      "n_pos": 12.0,
      "f1": 1.0,
      "pr_auc": 1.0
    },
    "iot23-8-1": {
      "n": 879.0,
      "n_pos": 642.0,
      "f1": 1.0,
      "pr_auc": 1.0
    },
    "iot23-9-1": {
      "n": 153.0,
      "n_pos": 21.0,
      "f1": 0.6060606060606061,
      "pr_auc": 0.7466197368750116
    },
    "medbiot-bashlite_mal_CC_all": {
      "n": 56.0,
      "n_pos": 56.0,
      "f1": 1.0,
      "pr_auc": 1.0
    },
    "medbiot-bashlite_mal_spread_all": {
      "n": 800.0,
      "n_pos": 776.0,
      "f1": 0.9862834748530372,
      "pr_auc": 0.9999613402061855
    },
    "medbiot-mirai_mal_CC_all": {
      "n": 52.0,
      "n_pos": 52.0,
      "f1": 0.9902912621359223,
      "pr_auc": 1.0000000000000002
    },
    "medbiot-mirai_mal_spread_all": {
      "n": 116.0,
      "n_pos": 116.0,
      "f1": 0.8627450980392157,
      "pr_auc": 1.0
    },
    "medbiot-torii_mal_all": {
      "n": 16.0,
      "n_pos": 16.0,
      "f1": 0.2222222222222222,
      "pr_auc": 1.0
    }
  }
}