{
  "model": "RandomForest",
  "n_estimators": 500,
  "max_depth": null,
  "seed": 42,
  "fit_seconds": 7.151590800000122,
  "val": {
    "n": 55049,
    "n_pos": 39439,
    "accuracy": 0.942451270686116,
    "precision": 0.937854607788696,
    "recall": 0.9849387661958975,
    "f1": 0.9608202033193994,
    "pr_auc": 0.9590752419722064,
    "roc_auc": 0.9312119646524244,
    "tn": 13036,
    "fp": 2574,
    "fn": 594,
    "tp": 38845
  },
  "test": {
    "n": 59210,
    "n_pos": 41063,
    "accuracy": 0.9426954906265833,
    "precision": 0.9367029909575701,
    "recall": 0.9838540778803302,
    "f1": 0.9596997375078689,
    "pr_auc": 0.9600061503908629,
    "roc_auc": 0.9391278022298852,
    "tn": 15417,
    "fp": 2730,
    "fn": 663,
    "tp": 40400
  },
  "test_per_scenario": {
    "ctu13-1": {
      "n": 860.0,
      "n_pos": 620.0,
      "f1": 0.93929173693086,
      "pr_auc": 0.9939688462881846
    },
    "ctu13-10": {
      "n": 1048.0,
      "n_pos": 147.0,
      "f1": 0.7236467236467237,
      "pr_auc": 0.6452969809902485
    },
    "ctu13-13": {
      "n": 654.0,
      "n_pos": 159.0,
      "f1": 0.9019607843137255,
      "pr_auc": 0.9714417981126162
    },
    "ctu13-2": {
      "n": 298.0,
      "n_pos": 216.0,
      "f1": 0.906801007556675,
      "pr_auc": 0.9981535130570154
    },
    "ctu13-3": {
      "n": 1869.0,
      "n_pos": 25.0,
      "f1": 0.13333333333333333,
      "pr_auc": 0.23199830278742434
    },
    "ctu13-4": {
      "n": 351.0,
      "n_pos": 90.0,
      "f1": 0.900523560209424,
      "pr_auc": 0.988246865211408
    },
    "ctu13-6": {
      "n": 167.0,
      "n_pos": 71.0,
      "f1": 0.9496402877697842,
      "pr_auc": 0.9894975967010339
    },
    "ctu13-8": {
      "n": 724.0,
      "n_pos": 95.0,
      "f1": 0.9117647058823529,
      "pr_auc": 0.9923685782486037
    },
    "ctu13-9": {
      "n": 2611.0,
      "n_pos": 2256.0,
      "f1": 0.9603665521191295,
      "pr_auc": 0.9986908328692475
    },
    "iot23-1-1": {
      "n": 34069.0,
      "n_pos": 31339.0,
      "f1": 0.9559525643000154,
      "pr_auc": 0.9238598331513714
    },
    "iot23-17-1": {
      "n": 484.0,
      "n_pos": 388.0,
      "f1": 0.9987129987129987,
      "pr_auc": 1.0
    },
    "iot23-3-1": {
      "n": 152.0,
      "n_pos": 152.0,
      "f1": 0.9966996699669967,
      "pr_auc": 1.0
    },
    "iot23-33-1": {
      "n": 142.0,
      "n_pos": 120.0,
      "f1": 0.9790794979079498,
      "pr_auc": 0.9829104257430619
    },
    "iot23-35-1": {
      "n": 9905.0,
      "n_pos": 31.0,
      "f1": 0.6333333333333333,
      "pr_auc": 0.5436295436619178
    },
    "iot23-48-1": {
      "n": 3711.0,
      "n_pos": 3663.0,
      "f1": 0.999863481228669,
      "pr_auc": 0.9999998510230433
    },
    "iot23-7-1": {
      "n": 93.0,
      "n_pos": 12.0,
      "f1": 0.9565217391304348,
      "pr_auc": 0.9833333333333334
    },
    "iot23-8-1": {
      "n": 879.0,
      "n_pos": 642.0,
      "f1": 1.0,
      "pr_auc": 1.0
    },
    "iot23-9-1": {
      "n": 153.0,
      "n_pos": 21.0,
      "f1": 0.9302325581395349,
      "pr_auc": 0.9935916395543726
    },
    "medbiot-bashlite_mal_CC_all": {
      "n": 56.0,
      "n_pos": 56.0,
      "f1": 1.0,
      "pr_auc": 1.0
    },
    "medbiot-bashlite_mal_spread_all": {
      "n": 800.0,
      "n_pos": 776.0,
      "f1": 0.9954692556634305,
      "pr_auc": 1.0
    },
    "medbiot-mirai_mal_CC_all": {
      "n": 52.0,
      "n_pos": 52.0,
      "f1": 1.0,
      "pr_auc": 0.9999999999999999
    },
    "medbiot-mirai_mal_spread_all": {
      "n": 116.0,
      "n_pos": 116.0,
      "f1": 1.0,
      "pr_auc": 1.0
    },
    "medbiot-torii_mal_all": {
      "n": 16.0,
      "n_pos": 16.0,
      "f1": 1.0,
      "pr_auc": 1.0
    }
  }
}