{
  "model": "gine",
  "hidden": 64,
  "heads": null,
  "num_layers": 2,
  "dropout": 0.3,
  "lr": 0.001,
  "weight_decay": 1e-05,
  "batch_size": 32,
  "patience": 20,
  "seed": 42,
  "device": "cuda",
  "use_focal": true,
  "focal_gamma": 2.0,
  "focal_alpha": null,
  "drop_edge_p": 0.0,
  "fit_seconds": 97.32163320000018,
  "best_val_f1": 0.9633166813595847,
  "val": {
    "n": 55049,
    "n_pos": 39439,
    "accuracy": 0.9455757597776526,
    "precision": 0.931451708379703,
    "recall": 0.9974390831410532,
    "f1": 0.9633166813595847,
    "pr_auc": 0.9570738064969005,
    "roc_auc": 0.9274215864689977,
    "tn": 12715,
    "fp": 2895,
    "fn": 101,
    "tp": 39338
  },
  "test": {
    "n": 59210,
    "n_pos": 41063,
    "accuracy": 0.9416652592467488,
    "precision": 0.9300038874025292,
    "recall": 0.9904293402820057,
    "f1": 0.9592659858008822,
    "pr_auc": 0.9550354467910918,
    "roc_auc": 0.9315142992535501,
    "tn": 15086,
    "fp": 3061,
    "fn": 393,
    "tp": 40670
  },
  "test_per_scenario": {
    "ctu13-1": {
      "n": 860.0,
      "n_pos": 620.0,
      "f1": 0.987012987012987,
      "pr_auc": 0.9994851264719256
    },
    "ctu13-10": {
      "n": 1048.0,
      "n_pos": 147.0,
      "f1": 0.6287625418060201,
      "pr_auc": 0.7357000043615717
    },
    "ctu13-13": {
      "n": 654.0,
      "n_pos": 159.0,
      "f1": 0.9845201238390093,
      "pr_auc": 0.9993247851904399
    },
    "ctu13-2": {
      "n": 298.0,
      "n_pos": 216.0,
      "f1": 0.9976798143851509,
      "pr_auc": 1.0
    },
    "ctu13-3": {
      "n": 1869.0,
      "n_pos": 25.0,
      "f1": 0.45454545454545453,
      "pr_auc": 0.36047318563468456
    },
    "ctu13-4": {
      "n": 351.0,
      "n_pos": 90.0,
      "f1": 0.9513513513513514,
      "pr_auc": 0.9900606007423192
    },
    "ctu13-6": {
      "n": 167.0,
      "n_pos": 71.0,
      "f1": 0.9645390070921985,
      "pr_auc": 0.996419860467999
    },
    "ctu13-8": {
      "n": 724.0,
      "n_pos": 95.0,
      "f1": 0.9641025641025641,
      "pr_auc": 0.9604053608808997
    },
    "ctu13-9": {
      "n": 2611.0,
      "n_pos": 2256.0,
      "f1": 0.9790020320614135,
      "pr_auc": 0.9997446586415759
    },
    "iot23-1-1": {
      "n": 34069.0,
      "n_pos": 31339.0,
      "f1": 0.9607885216751487,
      "pr_auc": 0.9433437467471144
    },
    "iot23-17-1": {
      "n": 484.0,
      "n_pos": 388.0,
      "f1": 1.0,
      "pr_auc": 1.0
    },
    "iot23-3-1": {
      "n": 152.0,
      "n_pos": 152.0,
      "f1": 0.9966996699669967,
      "pr_auc": 0.9999999999999998
    },
    "iot23-33-1": {
      "n": 142.0,
      "n_pos": 120.0,
      "f1": 0.9196428571428571,
      "pr_auc": 0.9845362255338108
    },
    "iot23-35-1": {
      "n": 9905.0,
      "n_pos": 31.0,
      "f1": 0.06696428571428571,
      "pr_auc": 0.25002241852481244
    },
    "iot23-48-1": {
      "n": 3711.0,
      "n_pos": 3663.0,
      "f1": 0.9853185595567867,
      "pr_auc": 0.9996525234263958
    },
    "iot23-7-1": {
      "n": 93.0,
      "n_pos": 12.0,
      "f1": 0.9090909090909091,
      "pr_auc": 0.9999999999999999
    },
    "iot23-8-1": {
      "n": 879.0,
      "n_pos": 642.0,
      "f1": 1.0,
      "pr_auc": 1.0
    },
    "iot23-9-1": {
      "n": 153.0,
      "n_pos": 21.0,
      "f1": 0.5714285714285714,
      "pr_auc": 0.8013854915689816
    },
    "medbiot-bashlite_mal_CC_all": {
      "n": 56.0,
      "n_pos": 56.0,
      "f1": 1.0,
      "pr_auc": 1.0000000000000002
    },
    "medbiot-bashlite_mal_spread_all": {
      "n": 800.0,
      "n_pos": 776.0,
      "f1": 0.9849574885546108,
      "pr_auc": 1.0
    },
    "medbiot-mirai_mal_CC_all": {
      "n": 52.0,
      "n_pos": 52.0,
      "f1": 0.9902912621359223,
      "pr_auc": 1.0000000000000002
    },
    "medbiot-mirai_mal_spread_all": {
      "n": 116.0,
      "n_pos": 116.0,
      "f1": 0.8682926829268293,
      "pr_auc": 1.0
    },
    "medbiot-torii_mal_all": {
      "n": 16.0,
      "n_pos": 16.0,
      "f1": 0.2222222222222222,
      "pr_auc": 1.0
    }
  }
}