{
  "model": "gine",
  "hidden": 64,
  "heads": null,
  "num_layers": 2,
  "dropout": 0.3,
  "lr": 0.001,
  "weight_decay": 1e-05,
  "batch_size": 32,
  "patience": 100,
  "seed": 42,
  "device": "cpu",
  "use_focal": true,
  "focal_gamma": 2.0,
  "focal_alpha": null,
  "drop_edge_p": 0.2,
  "fit_seconds": 3.6729237500003364,
  "best_val_f1": 0.9175916755630442,
  "val": {
    "n": 55049,
    "n_pos": 39439,
    "accuracy": 0.8836127813402604,
    "precision": 0.9311370993004072,
    "recall": 0.9044346966200969,
    "f1": 0.9175916755630442,
    "pr_auc": 0.9401334075003902,
    "roc_auc": 0.9001944642281932,
    "tn": 12972,
    "fp": 2638,
    "fn": 3769,
    "tp": 35670
  },
  "test": {
    "n": 59210,
    "n_pos": 41063,
    "accuracy": 0.8892079040702584,
    "precision": 0.933247946959994,
    "recall": 0.9049752818839344,
    "f1": 0.9188941915382903,
    "pr_auc": 0.9427238283710799,
    "roc_auc": 0.9144235219285006,
    "tn": 15489,
    "fp": 2658,
    "fn": 3902,
    "tp": 37161
  },
  "test_per_scenario": {
    "ctu13-1": {
      "n": 860.0,
      "n_pos": 620.0,
      "f1": 0.4157160963244613,
      "pr_auc": 0.9534186897192776
    },
    "ctu13-10": {
      "n": 1048.0,
      "n_pos": 147.0,
      "f1": 0.5951557093425606,
      "pr_auc": 0.5359770747518977
    },
    "ctu13-13": {
      "n": 654.0,
      "n_pos": 159.0,
      "f1": 0.358974358974359,
      "pr_auc": 0.8307464524634456
    },
    "ctu13-2": {
      "n": 298.0,
      "n_pos": 216.0,
      "f1": 0.7550432276657061,
      "pr_auc": 0.9956775482621784
    },
    "ctu13-3": {
      "n": 1869.0,
      "n_pos": 25.0,
      "f1": 0.06060606060606061,
      "pr_auc": 0.05550585546269811
    },
    "ctu13-4": {
      "n": 351.0,
      "n_pos": 90.0,
      "f1": 0.9221556886227545,
      "pr_auc": 0.9741458602206621
    },
    "ctu13-6": {
      "n": 167.0,
      "n_pos": 71.0,
      "f1": 0.8955223880597015,
      "pr_auc": 0.9642225910703088
    },
    "ctu13-8": {
      "n": 724.0,
      "n_pos": 95.0,
      "f1": 0.0594059405940594,
      "pr_auc": 0.5136429932846664
    },
    "ctu13-9": {
      "n": 2611.0,
      "n_pos": 2256.0,
      "f1": 0.902332361516035,
      "pr_auc": 0.9977410649742693
    },
    "iot23-1-1": {
      "n": 34069.0,
      "n_pos": 31339.0,
      "f1": 0.9607885216751487,
      "pr_auc": 0.9358386581157071
    },
    "iot23-17-1": {
      "n": 484.0,
      "n_pos": 388.0,
      "f1": 0.956989247311828,
      "pr_auc": 0.9987219465757484
    },
    "iot23-3-1": {
      "n": 152.0,
      "n_pos": 152.0,
      "f1": 0.8698884758364313,
      "pr_auc": 0.9999999999999998
    },
    "iot23-33-1": {
      "n": 142.0,
      "n_pos": 120.0,
      "f1": 0.2714285714285714,
      "pr_auc": 0.9439437804227307
    },
    "iot23-35-1": {
      "n": 9905.0,
      "n_pos": 31.0,
      "f1": 0.16216216216216217,
      "pr_auc": 0.10254217902997864
    },
    "iot23-48-1": {
      "n": 3711.0,
      "n_pos": 3663.0,
      "f1": 0.5909702209414025,
      "pr_auc": 0.9947754081468909
    },
    "iot23-7-1": {
      "n": 93.0,
      "n_pos": 12.0,
      "f1": 0.7368421052631579,
      "pr_auc": 0.7421649426737308
    },
    "iot23-8-1": {
      "n": 879.0,
      "n_pos": 642.0,
      "f1": 0.8,
      "pr_auc": 1.0
    },
    "iot23-9-1": {
      "n": 153.0,
      "n_pos": 21.0,
      "f1": 0.5416666666666666,
      "pr_auc": 0.4823101057907813
    },
    "medbiot-bashlite_mal_CC_all": {
      "n": 56.0,
      "n_pos": 56.0,
      "f1": 1.0,
      "pr_auc": 1.0000000000000002
    },
    "medbiot-bashlite_mal_spread_all": {
      "n": 800.0,
      "n_pos": 776.0,
      "f1": 0.9728656518861681,
      "pr_auc": 0.9985768711092885
    },
    "medbiot-mirai_mal_CC_all": {
      "n": 52.0,
      "n_pos": 52.0,
      "f1": 0.9902912621359223,
      "pr_auc": 1.0000000000000002
    },
    "medbiot-mirai_mal_spread_all": {
      "n": 116.0,
      "n_pos": 116.0,
      "f1": 0.7526881720430108,
      "pr_auc": 0.9999999999999999
    },
    "medbiot-torii_mal_all": {
      "n": 16.0,
      "n_pos": 16.0,
      "f1": 0.967741935483871,
      "pr_auc": 1.0
    }
  }
}