{
  "fit_seconds": 2944.6950191000014,
  "best_val_f1": 0.9678108688977587,
  "params": 144325,
  "val": {
    "n": 55049,
    "n_pos": 39439,
    "accuracy": 0.9523878726225726,
    "precision": 0.9384556757014243,
    "recall": 0.9990618423388017,
    "f1": 0.9678108688977587,
    "pr_auc": 0.9663243768076147,
    "roc_auc": 0.9387415704161824,
    "tn": 13026,
    "fp": 2584,
    "fn": 37,
    "tp": 39402
  },
  "test": {
    "n": 59210,
    "n_pos": 41063,
    "accuracy": 0.9433372741091032,
    "precision": 0.9387099776619509,
    "recall": 0.9824416141051555,
    "f1": 0.9600780589964183,
    "pr_auc": 0.9645523950618464,
    "roc_auc": 0.9384060564381541,
    "tn": 15513,
    "fp": 2634,
    "fn": 721,
    "tp": 40342
  },
  "test_per_scenario": {
    "ctu13-1": {
      "n": 860.0,
      "n_pos": 620.0,
      "f1": 0.9983844911147012,
      "pr_auc": 1.0
    },
    "ctu13-10": {
      "n": 1048.0,
      "n_pos": 147.0,
      "f1": 0.5870307167235495,
      "pr_auc": 0.5205393495074407
    },
    "ctu13-13": {
      "n": 654.0,
      "n_pos": 159.0,
      "f1": 0.9968652037617555,
      "pr_auc": 0.9999999999999999
    },
    "ctu13-2": {
      "n": 298.0,
      "n_pos": 216.0,
      "f1": 1.0,
      "pr_auc": 1.0000000000000002
    },
    "ctu13-3": {
      "n": 1869.0,
      "n_pos": 25.0,
      "f1": 0.8888888888888888,
      "pr_auc": 0.9902564102564104
    },
    "ctu13-4": {
      "n": 351.0,
      "n_pos": 90.0,
      "f1": 0.9887640449438202,
      "pr_auc": 0.9998778998778998
    },
    "ctu13-6": {
      "n": 167.0,
      "n_pos": 71.0,
      "f1": 0.9857142857142858,
      "pr_auc": 0.9992306331326366
    },
    "ctu13-8": {
      "n": 724.0,
      "n_pos": 95.0,
      "f1": 1.0,
      "pr_auc": 1.0
    },
    "ctu13-9": {
      "n": 2611.0,
      "n_pos": 2256.0,
      "f1": 0.9997783196630459,
      "pr_auc": 1.0
    },
    "iot23-1-1": {
      "n": 34069.0,
      "n_pos": 31339.0,
      "f1": 0.9607885216751487,
      "pr_auc": 0.9387270998873828
    },
    "iot23-17-1": {
      "n": 484.0,
      "n_pos": 388.0,
      "f1": 1.0,
      "pr_auc": 0.9999999999999999
    },
    "iot23-3-1": {
      "n": 152.0,
      "n_pos": 152.0,
      "f1": 1.0,
      "pr_auc": 0.9999999999999998
    },
    "iot23-33-1": {
      "n": 142.0,
      "n_pos": 120.0,
      "f1": 0.7960199004975125,
      "pr_auc": 0.9778544665574727
    },
    "iot23-35-1": {
      "n": 9905.0,
      "n_pos": 31.0,
      "f1": 0.6229508196721312,
      "pr_auc": 0.5730069592151599
    },
    "iot23-48-1": {
      "n": 3711.0,
      "n_pos": 3663.0,
      "f1": 1.0,
      "pr_auc": 0.9999999999999999
    },
    "iot23-7-1": {
      "n": 93.0,
      "n_pos": 12.0,
      "f1": 0.8,
      "pr_auc": 0.9470760233918131
    },
    "iot23-8-1": {
      "n": 879.0,
      "n_pos": 642.0,
      "f1": 1.0,
      "pr_auc": 1.0
    },
    "iot23-9-1": {
      "n": 153.0,
      "n_pos": 21.0,
      "f1": 0.8292682926829268,
      "pr_auc": 0.9321408743456734
    },
    "medbiot-bashlite_mal_CC_all": {
      "n": 56.0,
      "n_pos": 56.0,
      "f1": 1.0,
      "pr_auc": 1.0000000000000002
    },
    "medbiot-bashlite_mal_spread_all": {
      "n": 800.0,
      "n_pos": 776.0,
      "f1": 0.3900414937759336,
      "pr_auc": 0.9597175128056515
    },
    "medbiot-mirai_mal_CC_all": {
      "n": 52.0,
      "n_pos": 52.0,
      "f1": 1.0,
      "pr_auc": 1.0
    },
    "medbiot-mirai_mal_spread_all": {
      "n": 116.0,
      "n_pos": 116.0,
      "f1": 1.0,
      "pr_auc": 1.0
    },
    "medbiot-torii_mal_all": {
      "n": 16.0,
      "n_pos": 16.0,
      "f1": 1.0,
      "pr_auc": 1.0
    }
  },
  "config": {
    "encoder": {
      "flow_feat_dim": 13,
      "d_model": 64,
      "nhead": 4,
      "num_layers": 2,
      "max_flows": 256,
      "dropout": 0.1
    },
    "gin": {
      "hidden": 64,
      "num_layers": 3,
      "dropout": 0.3
    },
    "train": {
      "lr": 0.001,
      "weight_decay": 1e-05,
      "batch_size": 2,
      "grad_accum_steps": 8,
      "encoder_chunk_size": 64,
      "amp": true,
      "max_epochs": 120,
      "patience": 20,
      "grad_clip": 1.0,
      "use_focal": true,
      "focal_gamma": 2.0,
      "focal_alpha": null
    },
    "data": {
      "window_seconds": 300
    }
  },
  "raw_feature_skip": true
}