{
  "fit_seconds": 1239.7618800000018,
  "best_val_f1": 0.9673122296500196,
  "params": 211335,
  "val": {
    "n": 55049,
    "n_pos": 39439,
    "accuracy": 0.951679412886701,
    "precision": 0.9385029925841143,
    "recall": 0.9979461953903497,
    "f1": 0.9673122296500196,
    "pr_auc": 0.968812778531917,
    "roc_auc": 0.9425652430689555,
    "tn": 13031,
    "fp": 2579,
    "fn": 81,
    "tp": 39358
  },
  "test": {
    "n": 59210,
    "n_pos": 41063,
    "accuracy": 0.9512751224455328,
    "precision": 0.9373396260997068,
    "recall": 0.9963470764435136,
    "f1": 0.9659430298308366,
    "pr_auc": 0.9682124518366951,
    "roc_auc": 0.9479771724277117,
    "tn": 15412,
    "fp": 2735,
    "fn": 150,
    "tp": 40913
  },
  "test_per_scenario": {
    "ctu13-1": {
      "n": 860.0,
      "n_pos": 620.0,
      "f1": 0.9991928974979822,
      "pr_auc": 0.9999948138159942
    },
    "ctu13-10": {
      "n": 1048.0,
      "n_pos": 147.0,
      "f1": 0.4868421052631579,
      "pr_auc": 0.49257829608469006
    },
    "ctu13-13": {
      "n": 654.0,
      "n_pos": 159.0,
      "f1": 0.99375,
      "pr_auc": 0.9999999999999999
    },
    "ctu13-2": {
      "n": 298.0,
      "n_pos": 216.0,
      "f1": 1.0,
      "pr_auc": 1.0
    },
    "ctu13-3": {
      "n": 1869.0,
      "n_pos": 25.0,
      "f1": 0.8333333333333334,
      "pr_auc": 0.9151474727159342
    },
    "ctu13-4": {
      "n": 351.0,
      "n_pos": 90.0,
      "f1": 0.994475138121547,
      "pr_auc": 0.9999999999999998
    },
    "ctu13-6": {
      "n": 167.0,
      "n_pos": 71.0,
      "f1": 0.9859154929577465,
      "pr_auc": 0.9998043818466353
    },
    "ctu13-8": {
      "n": 724.0,
      "n_pos": 95.0,
      "f1": 0.9947643979057592,
      "pr_auc": 0.9996675654702267
    },
    "ctu13-9": {
      "n": 2611.0,
      "n_pos": 2256.0,
      "f1": 0.9881682734443471,
      "pr_auc": 0.9999771818280752
    },
    "iot23-1-1": {
      "n": 34069.0,
      "n_pos": 31339.0,
      "f1": 0.9607885216751487,
      "pr_auc": 0.9408030506664561
    },
    "iot23-17-1": {
      "n": 484.0,
      "n_pos": 388.0,
      "f1": 1.0,
      "pr_auc": 0.9999999999999999
    },
    "iot23-3-1": {
      "n": 152.0,
      "n_pos": 152.0,
      "f1": 0.9966996699669967,
      "pr_auc": 1.0
    },
    "iot23-33-1": {
      "n": 142.0,
      "n_pos": 120.0,
      "f1": 0.7839195979899497,
      "pr_auc": 0.9910489312300178
    },
    "iot23-35-1": {
      "n": 9905.0,
      "n_pos": 31.0,
      "f1": 0.5882352941176471,
      "pr_auc": 0.5393821435661557
    },
    "iot23-48-1": {
      "n": 3711.0,
      "n_pos": 3663.0,
      "f1": 1.0,
      "pr_auc": 0.9999999999999999
    },
    "iot23-7-1": {
      "n": 93.0,
      "n_pos": 12.0,
      "f1": 0.6666666666666666,
      "pr_auc": 0.8946608946608948
    },
    "iot23-8-1": {
      "n": 879.0,
      "n_pos": 642.0,
      "f1": 1.0,
      "pr_auc": 1.0
    },
    "iot23-9-1": {
      "n": 153.0,
      "n_pos": 21.0,
      "f1": 0.8292682926829268,
      "pr_auc": 0.9328944302219884
    },
    "medbiot-bashlite_mal_CC_all": {
      "n": 56.0,
      "n_pos": 56.0,
      "f1": 1.0,
      "pr_auc": 1.0
    },
    "medbiot-bashlite_mal_spread_all": {
      "n": 800.0,
      "n_pos": 776.0,
      "f1": 0.9847715736040609,
      "pr_auc": 0.9999170316929898
    },
    "medbiot-mirai_mal_CC_all": {
      "n": 52.0,
      "n_pos": 52.0,
      "f1": 1.0,
      "pr_auc": 1.0
    },
    "medbiot-mirai_mal_spread_all": {
      "n": 116.0,
      "n_pos": 116.0,
      "f1": 1.0,
      "pr_auc": 1.0
    },
    "medbiot-torii_mal_all": {
      "n": 16.0,
      "n_pos": 16.0,
      "f1": 1.0,
      "pr_auc": 1.0
    }
  },
  "args": {
    "config": "configs\\phase5.yaml",
    "seed": 42,
    "device": null,
    "epochs": 100,
    "patience": 15,
    "batch_size": 4,
    "grad_accum": 4,
    "lr": 0.0005,
    "hidden": 128,
    "pool_ratio": 0.5,
    "dropout": 0.3,
    "no_amp": false,
    "results_suffix": "_ssl_ft",
    "emb_dir": "data\\flow_embeddings_ssl_ft"
  }
}