{
  "fit_seconds": 1649.0572961999997,
  "best_val_f1": 0.9681356598190056,
  "params": 225818,
  "val": {
    "n": 55049,
    "n_pos": 39439,
    "accuracy": 0.9528601791131537,
    "precision": 0.9386190476190476,
    "recall": 0.999568954588098,
    "f1": 0.9681356598190056,
    "pr_auc": 0.9696537020098939,
    "roc_auc": 0.9440674307255348,
    "tn": 13032,
    "fp": 2578,
    "fn": 17,
    "tp": 39422
  },
  "test": {
    "n": 59210,
    "n_pos": 41063,
    "accuracy": 0.9497044418172605,
    "precision": 0.9387571714937444,
    "recall": 0.9922070964128291,
    "f1": 0.9647423754498958,
    "pr_auc": 0.9692153917126103,
    "roc_auc": 0.9497437123299262,
    "tn": 15489,
    "fp": 2658,
    "fn": 320,
    "tp": 40743
  },
  "test_per_scenario": {
    "ctu13-1": {
      "n": 860.0,
      "n_pos": 620.0,
      "f1": 0.9959644874899112,
      "pr_auc": 0.9999791923855295
    },
    "ctu13-10": {
      "n": 1048.0,
      "n_pos": 147.0,
      "f1": 0.6006600660066007,
      "pr_auc": 0.5756386143919947
    },
    "ctu13-13": {
      "n": 654.0,
      "n_pos": 159.0,
      "f1": 0.9968652037617555,
      "pr_auc": 0.9999999999999999
    },
    "ctu13-2": {
      "n": 298.0,
      "n_pos": 216.0,
      "f1": 1.0,
      "pr_auc": 1.0
    },
    "ctu13-3": {
      "n": 1869.0,
      "n_pos": 25.0,
      "f1": 0.75,
      "pr_auc": 0.9438541191230769
    },
    "ctu13-4": {
      "n": 351.0,
      "n_pos": 90.0,
      "f1": 0.9887640449438202,
      "pr_auc": 0.9997544430877763
    },
    "ctu13-6": {
      "n": 167.0,
      "n_pos": 71.0,
      "f1": 0.9859154929577465,
      "pr_auc": 0.9998043818466352
    },
    "ctu13-8": {
      "n": 724.0,
      "n_pos": 95.0,
      "f1": 0.979381443298969,
      "pr_auc": 0.9998903508771931
    },
    "ctu13-9": {
      "n": 2611.0,
      "n_pos": 2256.0,
      "f1": 0.9993352537115001,
      "pr_auc": 0.9990729171471703
    },
    "iot23-1-1": {
      "n": 34069.0,
      "n_pos": 31339.0,
      "f1": 0.9607885216751487,
      "pr_auc": 0.9428739166084003
    },
    "iot23-17-1": {
      "n": 484.0,
      "n_pos": 388.0,
      "f1": 1.0,
      "pr_auc": 0.9999999999999999
    },
    "iot23-3-1": {
      "n": 152.0,
      "n_pos": 152.0,
      "f1": 1.0,
      "pr_auc": 0.9999999999999998
    },
    "iot23-33-1": {
      "n": 142.0,
      "n_pos": 120.0,
      "f1": 0.995850622406639,
      "pr_auc": 0.9947236315103334
    },
    "iot23-35-1": {
      "n": 9905.0,
      "n_pos": 31.0,
      "f1": 0.17647058823529413,
      "pr_auc": 0.3610623012967423
    },
    "iot23-48-1": {
      "n": 3711.0,
      "n_pos": 3663.0,
      "f1": 1.0,
      "pr_auc": 1.0
    },
    "iot23-7-1": {
      "n": 93.0,
      "n_pos": 12.0,
      "f1": 0.8,
      "pr_auc": 0.9685457516339872
    },
    "iot23-8-1": {
      "n": 879.0,
      "n_pos": 642.0,
      "f1": 1.0,
      "pr_auc": 1.0
    },
    "iot23-9-1": {
      "n": 153.0,
      "n_pos": 21.0,
      "f1": 0.95,
      "pr_auc": 0.978427836772858
    },
    "medbiot-bashlite_mal_CC_all": {
      "n": 56.0,
      "n_pos": 56.0,
      "f1": 1.0,
      "pr_auc": 1.0000000000000002
    },
    "medbiot-bashlite_mal_spread_all": {
      "n": 800.0,
      "n_pos": 776.0,
      "f1": 0.826118855465884,
      "pr_auc": 0.9641749677907983
    },
    "medbiot-mirai_mal_CC_all": {
      "n": 52.0,
      "n_pos": 52.0,
      "f1": 1.0,
      "pr_auc": 1.0
    },
    "medbiot-mirai_mal_spread_all": {
      "n": 116.0,
      "n_pos": 116.0,
      "f1": 1.0,
      "pr_auc": 1.0
    },
    "medbiot-torii_mal_all": {
      "n": 16.0,
      "n_pos": 16.0,
      "f1": 1.0,
      "pr_auc": 1.0
    }
  },
  "args": {
    "config": "configs\\phase5.yaml",
    "seed": 42,
    "device": null,
    "epochs": 100,
    "patience": 15,
    "batch_size": 4,
    "grad_accum": 4,
    "lr": 0.0005,
    "hidden": 128,
    "pool_ratio": 0.25,
    "max_nodes": 400,
    "dropout": 0.3,
    "w_link": 0.1,
    "w_ent": 0.1,
    "no_amp": false,
    "tam": true,
    "tam_alpha": 1.0,
    "tam_ccm_beta": 0.0,
    "tam_balanced_prior": true,
    "results_suffix": "_tam_bal"
  }
}