{
  "fit_seconds": 127.67493000000104,
  "best_val_f1": 0.9652512498004004,
  "params": 1355399,
  "val": {
    "n": 55049,
    "n_pos": 39439,
    "accuracy": 0.9486094206979236,
    "precision": 0.9361033020441225,
    "recall": 0.9962727249676716,
    "f1": 0.9652512498004004,
    "pr_auc": 0.9624861281638757,
    "roc_auc": 0.9331354306935031,
    "tn": 12928,
    "fp": 2682,
    "fn": 147,
    "tp": 39292
  },
  "test": {
    "n": 59210,
    "n_pos": 41063,
    "accuracy": 0.9449417328154028,
    "precision": 0.9307445135707937,
    "recall": 0.9946180259601101,
    "f1": 0.9616217743454512,
    "pr_auc": 0.9585713265244877,
    "roc_auc": 0.934751419850342,
    "tn": 15108,
    "fp": 3039,
    "fn": 221,
    "tp": 40842
  },
  "test_per_scenario": {
    "ctu13-1": {
      "n": 860.0,
      "n_pos": 620.0,
      "f1": 0.9943865276663993,
      "pr_auc": 0.9980434095822309
    },
    "ctu13-10": {
      "n": 1048.0,
      "n_pos": 147.0,
      "f1": 0.48580441640378547,
      "pr_auc": 0.4898360473850646
    },
    "ctu13-13": {
      "n": 654.0,
      "n_pos": 159.0,
      "f1": 0.9906542056074766,
      "pr_auc": 1.0
    },
    "ctu13-2": {
      "n": 298.0,
      "n_pos": 216.0,
      "f1": 0.9953917050691244,
      "pr_auc": 1.0000000000000002
    },
    "ctu13-3": {
      "n": 1869.0,
      "n_pos": 25.0,
      "f1": 0.6944444444444444,
      "pr_auc": 0.9714432012432013
    },
    "ctu13-4": {
      "n": 351.0,
      "n_pos": 90.0,
      "f1": 0.9723756906077348,
      "pr_auc": 0.9865979353601947
    },
    "ctu13-6": {
      "n": 167.0,
      "n_pos": 71.0,
      "f1": 0.9861111111111112,
      "pr_auc": 0.9994048012645513
    },
    "ctu13-8": {
      "n": 724.0,
      "n_pos": 95.0,
      "f1": 0.9313725490196079,
      "pr_auc": 0.9870309769343927
    },
    "ctu13-9": {
      "n": 2611.0,
      "n_pos": 2256.0,
      "f1": 0.9838639337112952,
      "pr_auc": 0.9999907666364514
    },
    "iot23-1-1": {
      "n": 34069.0,
      "n_pos": 31339.0,
      "f1": 0.9590269672584311,
      "pr_auc": 0.934825450744738
    },
    "iot23-17-1": {
      "n": 484.0,
      "n_pos": 388.0,
      "f1": 1.0,
      "pr_auc": 1.0
    },
    "iot23-3-1": {
      "n": 152.0,
      "n_pos": 152.0,
      "f1": 1.0,
      "pr_auc": 0.9999999999999999
    },
    "iot23-33-1": {
      "n": 142.0,
      "n_pos": 120.0,
      "f1": 0.9874476987447699,
      "pr_auc": 0.9984187063956358
    },
    "iot23-35-1": {
      "n": 9905.0,
      "n_pos": 31.0,
      "f1": 0.45454545454545453,
      "pr_auc": 0.5449223048099683
    },
    "iot23-48-1": {
      "n": 3711.0,
      "n_pos": 3663.0,
      "f1": 0.9997270742358079,
      "pr_auc": 1.0
    },
    "iot23-7-1": {
      "n": 93.0,
      "n_pos": 12.0,
      "f1": 0.5882352941176471,
      "pr_auc": 0.5875851704594857
    },
    "iot23-8-1": {
      "n": 879.0,
      "n_pos": 642.0,
      "f1": 0.8447368421052631,
      "pr_auc": 0.9999999999999999
    },
    "iot23-9-1": {
      "n": 153.0,
      "n_pos": 21.0,
      "f1": 0.8947368421052632,
      "pr_auc": 0.9412438636791893
    },
    "medbiot-bashlite_mal_CC_all": {
      "n": 56.0,
      "n_pos": 56.0,
      "f1": 1.0,
      "pr_auc": 1.0
    },
    "medbiot-bashlite_mal_spread_all": {
      "n": 800.0,
      "n_pos": 776.0,
      "f1": 0.9847715736040609,
      "pr_auc": 0.9998674231861575
    },
    "medbiot-mirai_mal_CC_all": {
      "n": 52.0,
      "n_pos": 52.0,
      "f1": 1.0,
      "pr_auc": 1.0
    },
    "medbiot-mirai_mal_spread_all": {
      "n": 116.0,
      "n_pos": 116.0,
      "f1": 1.0,
      "pr_auc": 1.0
    },
    "medbiot-torii_mal_all": {
      "n": 16.0,
      "n_pos": 16.0,
      "f1": 1.0,
      "pr_auc": 1.0
    }
  },
  "args": {
    "config": "configs\\phase5.yaml",
    "seed": 42,
    "device": null,
    "epochs": 2,
    "patience": 15,
    "batch_size": 2,
    "grad_accum": 4,
    "lr": 0.0005,
    "hidden": 128,
    "pool_ratio": 0.5,
    "dropout": 0.3,
    "gt_variant": "edge",
    "gt_layers": 2,
    "gt_heads": 4,
    "no_amp": false,
    "results_suffix": "_smoke_edge",
    "emb_dir": "data\\flow_embeddings"
  }
}