{
  "fit_seconds": 1612.2651103000007,
  "best_val_f1": 0.967680141460779,
  "params": 144325,
  "val": {
    "n": 55049,
    "n_pos": 39439,
    "accuracy": 0.9521880506457883,
    "precision": 0.9382098721337239,
    "recall": 0.9990618423388017,
    "f1": 0.967680141460779,
    "pr_auc": 0.9632787809213562,
    "roc_auc": 0.9344251566724269,
    "tn": 13015,
    "fp": 2595,
    "fn": 37,
    "tp": 39402
  },
  "test": {
    "n": 59210,
    "n_pos": 41063,
    "accuracy": 0.951528458030738,
    "precision": 0.9368808766672004,
    "recall": 0.9972968365682001,
    "f1": 0.9661452803925732,
    "pr_auc": 0.9668800324662521,
    "roc_auc": 0.9461030416778804,
    "tn": 15388,
    "fp": 2759,
    "fn": 111,
    "tp": 40952
  },
  "test_per_scenario": {
    "ctu13-1": {
      "n": 860.0,
      "n_pos": 620.0,
      "f1": 1.0,
      "pr_auc": 1.0
    },
    "ctu13-10": {
      "n": 1048.0,
      "n_pos": 147.0,
      "f1": 0.6019417475728155,
      "pr_auc": 0.5964227320331519
    },
    "ctu13-13": {
      "n": 654.0,
      "n_pos": 159.0,
      "f1": 0.99375,
      "pr_auc": 0.9999999999999999
    },
    "ctu13-2": {
      "n": 298.0,
      "n_pos": 216.0,
      "f1": 0.9976905311778291,
      "pr_auc": 1.0
    },
    "ctu13-3": {
      "n": 1869.0,
      "n_pos": 25.0,
      "f1": 0.8333333333333334,
      "pr_auc": 0.9389617618020096
    },
    "ctu13-4": {
      "n": 351.0,
      "n_pos": 90.0,
      "f1": 0.9887640449438202,
      "pr_auc": 0.9958736299161828
    },
    "ctu13-6": {
      "n": 167.0,
      "n_pos": 71.0,
      "f1": 1.0,
      "pr_auc": 0.9999999999999998
    },
    "ctu13-8": {
      "n": 724.0,
      "n_pos": 95.0,
      "f1": 0.9947089947089947,
      "pr_auc": 1.0
    },
    "ctu13-9": {
      "n": 2611.0,
      "n_pos": 2256.0,
      "f1": 0.9968888888888889,
      "pr_auc": 0.9999938931437106
    },
    "iot23-1-1": {
      "n": 34069.0,
      "n_pos": 31339.0,
      "f1": 0.9607885216751487,
      "pr_auc": 0.9314330946097593
    },
    "iot23-17-1": {
      "n": 484.0,
      "n_pos": 388.0,
      "f1": 1.0,
      "pr_auc": 1.0
    },
    "iot23-3-1": {
      "n": 152.0,
      "n_pos": 152.0,
      "f1": 0.9933774834437086,
      "pr_auc": 1.0
    },
    "iot23-33-1": {
      "n": 142.0,
      "n_pos": 120.0,
      "f1": 0.9147982062780269,
      "pr_auc": 0.9908450857397755
    },
    "iot23-35-1": {
      "n": 9905.0,
      "n_pos": 31.0,
      "f1": 0.2777777777777778,
      "pr_auc": 0.5882704453051623
    },
    "iot23-48-1": {
      "n": 3711.0,
      "n_pos": 3663.0,
      "f1": 1.0,
      "pr_auc": 1.0
    },
    "iot23-7-1": {
      "n": 93.0,
      "n_pos": 12.0,
      "f1": 0.8,
      "pr_auc": 0.9018849206349208
    },
    "iot23-8-1": {
      "n": 879.0,
      "n_pos": 642.0,
      "f1": 1.0,
      "pr_auc": 1.0
    },
    "iot23-9-1": {
      "n": 153.0,
      "n_pos": 21.0,
      "f1": 0.95,
      "pr_auc": 0.967306325515281
    },
    "medbiot-bashlite_mal_CC_all": {
      "n": 56.0,
      "n_pos": 56.0,
      "f1": 1.0,
      "pr_auc": 1.0000000000000002
    },
    "medbiot-bashlite_mal_spread_all": {
      "n": 800.0,
      "n_pos": 776.0,
      "f1": 0.9974160206718347,
      "pr_auc": 0.9999671641107732
    },
    "medbiot-mirai_mal_CC_all": {
      "n": 52.0,
      "n_pos": 52.0,
      "f1": 1.0,
      "pr_auc": 1.0
    },
    "medbiot-mirai_mal_spread_all": {
      "n": 116.0,
      "n_pos": 116.0,
      "f1": 1.0,
      "pr_auc": 0.9999999999999999
    },
    "medbiot-torii_mal_all": {
      "n": 16.0,
      "n_pos": 16.0,
      "f1": 1.0,
      "pr_auc": 1.0
    }
  },
  "config": {
    "encoder": {
      "flow_feat_dim": 13,
      "d_model": 64,
      "nhead": 4,
      "num_layers": 2,
      "max_flows": 256,
      "dropout": 0.1
    },
    "gin": {
      "hidden": 64,
      "num_layers": 3,
      "dropout": 0.3
    },
    "train": {
      "lr": 0.001,
      "weight_decay": 1e-05,
      "batch_size": 2,
      "grad_accum_steps": 8,
      "encoder_chunk_size": 64,
      "amp": true,
      "max_epochs": 120,
      "patience": 20,
      "grad_clip": 1.0,
      "use_focal": true,
      "focal_gamma": 2.0,
      "focal_alpha": null
    },
    "data": {
      "window_seconds": 300
    }
  },
  "raw_feature_skip": true
}