{
  "fit_seconds": 763.7388352999997,
  "best_val_f1": 0.967994694438986,
  "params": 225818,
  "val": {
    "n": 55049,
    "n_pos": 39439,
    "accuracy": 0.9526603571363694,
    "precision": 0.9386447540788376,
    "recall": 0.9992393316260554,
    "f1": 0.967994694438986,
    "pr_auc": 0.9691187415568858,
    "roc_auc": 0.9433421473189022,
    "tn": 13034,
    "fp": 2576,
    "fn": 30,
    "tp": 39409
  },
  "test": {
    "n": 59210,
    "n_pos": 41063,
    "accuracy": 0.9471204188481676,
    "precision": 0.9388246182322999,
    "recall": 0.9881401748532742,
    "f1": 0.9628513460602969,
    "pr_auc": 0.9684984266890769,
    "roc_auc": 0.9468430135056073,
    "tn": 15503,
    "fp": 2644,
    "fn": 487,
    "tp": 40576
  },
  "test_per_scenario": {
    "ctu13-1": {
      "n": 860.0,
      "n_pos": 620.0,
      "f1": 0.9967637540453075,
      "pr_auc": 0.9999741353957554
    },
    "ctu13-10": {
      "n": 1048.0,
      "n_pos": 147.0,
      "f1": 0.6118421052631579,
      "pr_auc": 0.5627678662656774
    },
    "ctu13-13": {
      "n": 654.0,
      "n_pos": 159.0,
      "f1": 0.9937106918238994,
      "pr_auc": 0.9998835313300722
    },
    "ctu13-2": {
      "n": 298.0,
      "n_pos": 216.0,
      "f1": 1.0,
      "pr_auc": 1.0
    },
    "ctu13-3": {
      "n": 1869.0,
      "n_pos": 25.0,
      "f1": 0.9230769230769231,
      "pr_auc": 0.9680261468966127
    },
    "ctu13-4": {
      "n": 351.0,
      "n_pos": 90.0,
      "f1": 0.9887640449438202,
      "pr_auc": 0.998187134502924
    },
    "ctu13-6": {
      "n": 167.0,
      "n_pos": 71.0,
      "f1": 0.9929078014184397,
      "pr_auc": 1.0
    },
    "ctu13-8": {
      "n": 724.0,
      "n_pos": 95.0,
      "f1": 0.9895833333333334,
      "pr_auc": 0.993603299574412
    },
    "ctu13-9": {
      "n": 2611.0,
      "n_pos": 2256.0,
      "f1": 0.9993352537115001,
      "pr_auc": 0.9999970485807994
    },
    "iot23-1-1": {
      "n": 34069.0,
      "n_pos": 31339.0,
      "f1": 0.9607885216751487,
      "pr_auc": 0.9423921244215887
    },
    "iot23-17-1": {
      "n": 484.0,
      "n_pos": 388.0,
      "f1": 1.0,
      "pr_auc": 0.9999999999999999
    },
    "iot23-3-1": {
      "n": 152.0,
      "n_pos": 152.0,
      "f1": 1.0,
      "pr_auc": 0.9999999999999998
    },
    "iot23-33-1": {
      "n": 142.0,
      "n_pos": 120.0,
      "f1": 0.9874476987447699,
      "pr_auc": 0.9945927762795204
    },
    "iot23-35-1": {
      "n": 9905.0,
      "n_pos": 31.0,
      "f1": 0.0625,
      "pr_auc": 0.04225478188586062
    },
    "iot23-48-1": {
      "n": 3711.0,
      "n_pos": 3663.0,
      "f1": 1.0,
      "pr_auc": 0.9999999999999999
    },
    "iot23-7-1": {
      "n": 93.0,
      "n_pos": 12.0,
      "f1": 0.6666666666666666,
      "pr_auc": 0.8825549450549451
    },
    "iot23-8-1": {
      "n": 879.0,
      "n_pos": 642.0,
      "f1": 1.0,
      "pr_auc": 1.0
    },
    "iot23-9-1": {
      "n": 153.0,
      "n_pos": 21.0,
      "f1": 0.8260869565217391,
      "pr_auc": 0.8918473251430645
    },
    "medbiot-bashlite_mal_CC_all": {
      "n": 56.0,
      "n_pos": 56.0,
      "f1": 1.0,
      "pr_auc": 1.0000000000000002
    },
    "medbiot-bashlite_mal_spread_all": {
      "n": 800.0,
      "n_pos": 776.0,
      "f1": 0.6683673469387755,
      "pr_auc": 0.993360688549334
    },
    "medbiot-mirai_mal_CC_all": {
      "n": 52.0,
      "n_pos": 52.0,
      "f1": 1.0,
      "pr_auc": 1.0
    },
    "medbiot-mirai_mal_spread_all": {
      "n": 116.0,
      "n_pos": 116.0,
      "f1": 1.0,
      "pr_auc": 1.0
    },
    "medbiot-torii_mal_all": {
      "n": 16.0,
      "n_pos": 16.0,
      "f1": 1.0,
      "pr_auc": 1.0
    }
  },
  "args": {
    "config": "configs\\phase5.yaml",
    "seed": 42,
    "device": null,
    "epochs": 100,
    "patience": 15,
    "batch_size": 4,
    "grad_accum": 4,
    "lr": 0.0005,
    "hidden": 128,
    "pool_ratio": 0.25,
    "max_nodes": 400,
    "dropout": 0.3,
    "w_link": 0.1,
    "w_ent": 0.1,
    "no_amp": false,
    "tam": false,
    "tam_alpha": 1.5,
    "tam_ccm_beta": 0.5,
    "tam_balanced_prior": false,
    "graphsha": true,
    "graphsha_beta": 1.0,
    "graphsha_prob": 0.5,
    "results_suffix": "_sha"
  }
}