{
  "fit_seconds": 144.9398416999993,
  "best_val_f1": 0.9656146383396782,
  "params": 225818,
  "val": {
    "n": 55049,
    "n_pos": 39439,
    "accuracy": 0.9491362240912642,
    "precision": 0.9362720582982068,
    "recall": 0.9968559040543624,
    "f1": 0.9656146383396782,
    "pr_auc": 0.9537804009132886,
    "roc_auc": 0.9224378368826508,
    "tn": 12934,
    "fp": 2676,
    "fn": 124,
    "tp": 39315
  },
  "test": {
    "n": 59210,
    "n_pos": 41063,
    "accuracy": 0.9453808478297585,
    "precision": 0.9339083755821156,
    "recall": 0.991403453230402,
    "f1": 0.9617974342618187,
    "pr_auc": 0.9523348951157344,
    "roc_auc": 0.9276094742057882,
    "tn": 15266,
    "fp": 2881,
    "fn": 353,
    "tp": 40710
  },
  "test_per_scenario": {
    "ctu13-1": {
      "n": 860.0,
      "n_pos": 620.0,
      "f1": 0.8890845070422535,
      "pr_auc": 0.9817728416989249
    },
    "ctu13-10": {
      "n": 1048.0,
      "n_pos": 147.0,
      "f1": 0.4322033898305085,
      "pr_auc": 0.4543829469699729
    },
    "ctu13-13": {
      "n": 654.0,
      "n_pos": 159.0,
      "f1": 0.9937106918238994,
      "pr_auc": 0.9998456611490527
    },
    "ctu13-2": {
      "n": 298.0,
      "n_pos": 216.0,
      "f1": 1.0,
      "pr_auc": 1.0
    },
    "ctu13-3": {
      "n": 1869.0,
      "n_pos": 25.0,
      "f1": 0.8636363636363636,
      "pr_auc": 0.890913631091395
    },
    "ctu13-4": {
      "n": 351.0,
      "n_pos": 90.0,
      "f1": 0.9595375722543352,
      "pr_auc": 0.9923347829384573
    },
    "ctu13-6": {
      "n": 167.0,
      "n_pos": 71.0,
      "f1": 0.9857142857142858,
      "pr_auc": 0.9996141230947327
    },
    "ctu13-8": {
      "n": 724.0,
      "n_pos": 95.0,
      "f1": 0.9947089947089947,
      "pr_auc": 1.0
    },
    "ctu13-9": {
      "n": 2611.0,
      "n_pos": 2256.0,
      "f1": 0.986870897155361,
      "pr_auc": 0.9976457128416226
    },
    "iot23-1-1": {
      "n": 34069.0,
      "n_pos": 31339.0,
      "f1": 0.9606132617861249,
      "pr_auc": 0.9180756623837784
    },
    "iot23-17-1": {
      "n": 484.0,
      "n_pos": 388.0,
      "f1": 0.9987096774193548,
      "pr_auc": 0.9999999999999999
    },
    "iot23-3-1": {
      "n": 152.0,
      "n_pos": 152.0,
      "f1": 0.9900332225913622,
      "pr_auc": 0.9999999999999999
    },
    "iot23-33-1": {
      "n": 142.0,
      "n_pos": 120.0,
      "f1": 0.6703296703296703,
      "pr_auc": 0.9816925001239285
    },
    "iot23-35-1": {
      "n": 9905.0,
      "n_pos": 31.0,
      "f1": 0.07017543859649122,
      "pr_auc": 0.10015305967645094
    },
    "iot23-48-1": {
      "n": 3711.0,
      "n_pos": 3663.0,
      "f1": 0.9975369458128078,
      "pr_auc": 1.0
    },
    "iot23-7-1": {
      "n": 93.0,
      "n_pos": 12.0,
      "f1": 0.8,
      "pr_auc": 0.9577020202020202
    },
    "iot23-8-1": {
      "n": 879.0,
      "n_pos": 642.0,
      "f1": 1.0,
      "pr_auc": 1.0
    },
    "iot23-9-1": {
      "n": 153.0,
      "n_pos": 21.0,
      "f1": 0.8648648648648649,
      "pr_auc": 0.9405442176870751
    },
    "medbiot-bashlite_mal_CC_all": {
      "n": 56.0,
      "n_pos": 56.0,
      "f1": 1.0,
      "pr_auc": 1.0
    },
    "medbiot-bashlite_mal_spread_all": {
      "n": 800.0,
      "n_pos": 776.0,
      "f1": 0.9847715736040609,
      "pr_auc": 0.9988043323504778
    },
    "medbiot-mirai_mal_CC_all": {
      "n": 52.0,
      "n_pos": 52.0,
      "f1": 1.0,
      "pr_auc": 1.0
    },
    "medbiot-mirai_mal_spread_all": {
      "n": 116.0,
      "n_pos": 116.0,
      "f1": 1.0,
      "pr_auc": 1.0
    },
    "medbiot-torii_mal_all": {
      "n": 16.0,
      "n_pos": 16.0,
      "f1": 1.0,
      "pr_auc": 1.0
    }
  },
  "args": {
    "config": "configs\\phase5.yaml",
    "seed": 42,
    "device": null,
    "epochs": 3,
    "patience": 15,
    "batch_size": 2,
    "grad_accum": 4,
    "lr": 0.0005,
    "hidden": 128,
    "pool_ratio": 0.25,
    "max_nodes": 400,
    "dropout": 0.3,
    "w_link": 0.1,
    "w_ent": 0.1,
    "no_amp": false,
    "tam": true,
    "tam_alpha": 1.5,
    "tam_ccm_beta": 0.5,
    "results_suffix": "_tam_smoke"
  }
}