{
  "fit_seconds": 1661.809930000003,
  "best_val_f1": 0.9681728880157171,
  "params": 1355399,
  "val": {
    "n": 55049,
    "n_pos": 39439,
    "accuracy": 0.9529146760159131,
    "precision": 0.9386443179924288,
    "recall": 0.9996196658130277,
    "f1": 0.9681728880157171,
    "pr_auc": 0.9691685786750945,
    "roc_auc": 0.9431921512473166,
    "tn": 13033,
    "fp": 2577,
    "fn": 15,
    "tp": 39424
  },
  "test": {
    "n": 59210,
    "n_pos": 41063,
    "accuracy": 0.9537578111805438,
    "precision": 0.9392147424877948,
    "recall": 0.9979056571609478,
    "f1": 0.9676710905398385,
    "pr_auc": 0.9699671805242902,
    "roc_auc": 0.9503781518999723,
    "tn": 15495,
    "fp": 2652,
    "fn": 86,
    "tp": 40977
  },
  "test_per_scenario": {
    "ctu13-1": {
      "n": 860.0,
      "n_pos": 620.0,
      "f1": 0.9910641754670999,
      "pr_auc": 0.9997092484243066
    },
    "ctu13-10": {
      "n": 1048.0,
      "n_pos": 147.0,
      "f1": 0.6956521739130435,
      "pr_auc": 0.6707131432763412
    },
    "ctu13-13": {
      "n": 654.0,
      "n_pos": 159.0,
      "f1": 0.9906542056074766,
      "pr_auc": 1.0
    },
    "ctu13-2": {
      "n": 298.0,
      "n_pos": 216.0,
      "f1": 1.0,
      "pr_auc": 1.0
    },
    "ctu13-3": {
      "n": 1869.0,
      "n_pos": 25.0,
      "f1": 0.8888888888888888,
      "pr_auc": 0.9540221484699246
    },
    "ctu13-4": {
      "n": 351.0,
      "n_pos": 90.0,
      "f1": 0.9832402234636871,
      "pr_auc": 0.998812463481203
    },
    "ctu13-6": {
      "n": 167.0,
      "n_pos": 71.0,
      "f1": 0.993006993006993,
      "pr_auc": 1.0
    },
    "ctu13-8": {
      "n": 724.0,
      "n_pos": 95.0,
      "f1": 0.9644670050761421,
      "pr_auc": 1.0
    },
    "ctu13-9": {
      "n": 2611.0,
      "n_pos": 2256.0,
      "f1": 0.99867197875166,
      "pr_auc": 0.9999988242376355
    },
    "iot23-1-1": {
      "n": 34069.0,
      "n_pos": 31339.0,
      "f1": 0.9607885216751487,
      "pr_auc": 0.9412606988578072
    },
    "iot23-17-1": {
      "n": 484.0,
      "n_pos": 388.0,
      "f1": 1.0,
      "pr_auc": 1.0
    },
    "iot23-3-1": {
      "n": 152.0,
      "n_pos": 152.0,
      "f1": 1.0,
      "pr_auc": 1.0
    },
    "iot23-33-1": {
      "n": 142.0,
      "n_pos": 120.0,
      "f1": 0.995850622406639,
      "pr_auc": 0.999791657020935
    },
    "iot23-35-1": {
      "n": 9905.0,
      "n_pos": 31.0,
      "f1": 0.5957446808510638,
      "pr_auc": 0.8329866641219642
    },
    "iot23-48-1": {
      "n": 3711.0,
      "n_pos": 3663.0,
      "f1": 1.0,
      "pr_auc": 1.0
    },
    "iot23-7-1": {
      "n": 93.0,
      "n_pos": 12.0,
      "f1": 0.7368421052631579,
      "pr_auc": 0.9866452991452993
    },
    "iot23-8-1": {
      "n": 879.0,
      "n_pos": 642.0,
      "f1": 1.0,
      "pr_auc": 1.0
    },
    "iot23-9-1": {
      "n": 153.0,
      "n_pos": 21.0,
      "f1": 0.8947368421052632,
      "pr_auc": 0.9940476190476191
    },
    "medbiot-bashlite_mal_CC_all": {
      "n": 56.0,
      "n_pos": 56.0,
      "f1": 1.0,
      "pr_auc": 1.0000000000000002
    },
    "medbiot-bashlite_mal_spread_all": {
      "n": 800.0,
      "n_pos": 776.0,
      "f1": 0.9847715736040609,
      "pr_auc": 1.0
    },
    "medbiot-mirai_mal_CC_all": {
      "n": 52.0,
      "n_pos": 52.0,
      "f1": 1.0,
      "pr_auc": 1.0
    },
    "medbiot-mirai_mal_spread_all": {
      "n": 116.0,
      "n_pos": 116.0,
      "f1": 1.0,
      "pr_auc": 0.9999999999999999
    },
    "medbiot-torii_mal_all": {
      "n": 16.0,
      "n_pos": 16.0,
      "f1": 1.0,
      "pr_auc": 1.0
    }
  },
  "args": {
    "config": "configs\\phase5.yaml",
    "seed": 42,
    "device": null,
    "epochs": 100,
    "patience": 15,
    "batch_size": 4,
    "grad_accum": 4,
    "lr": 0.0005,
    "hidden": 128,
    "pool_ratio": 0.5,
    "dropout": 0.3,
    "gt_variant": "edge",
    "gt_layers": 2,
    "gt_heads": 4,
    "no_amp": false,
    "results_suffix": "_edge",
    "emb_dir": "data\\flow_embeddings"
  }
}