{
  "fit_seconds": 664.822827,
  "best_val_f1": 0.9677823959076265,
  "params": 225818,
  "val": {
    "n": 55049,
    "n_pos": 39439,
    "accuracy": 0.9524060382568257,
    "precision": 0.9395458778024497,
    "recall": 0.9977687061030959,
    "f1": 0.9677823959076265,
    "pr_auc": 0.9700247234093105,
    "roc_auc": 0.9444297780211153,
    "tn": 13078,
    "fp": 2532,
    "fn": 88,
    "tp": 39351
  },
  "test": {
    "n": 59210,
    "n_pos": 41063,
    "accuracy": 0.9519844620841074,
    "precision": 0.9391286364263064,
    "recall": 0.9952755522002776,
    "f1": 0.9663872500916282,
    "pr_auc": 0.9702100549637178,
    "roc_auc": 0.9507155633791456,
    "tn": 15498,
    "fp": 2649,
    "fn": 194,
    "tp": 40869
  },
  "test_per_scenario": {
    "ctu13-1": {
      "n": 860.0,
      "n_pos": 620.0,
      "f1": 0.997586484312148,
      "pr_auc": 1.0
    },
    "ctu13-10": {
      "n": 1048.0,
      "n_pos": 147.0,
      "f1": 0.47244094488188976,
      "pr_auc": 0.4943289067374022
    },
    "ctu13-13": {
      "n": 654.0,
      "n_pos": 159.0,
      "f1": 0.9968652037617555,
      "pr_auc": 0.9999606918238994
    },
    "ctu13-2": {
      "n": 298.0,
      "n_pos": 216.0,
      "f1": 1.0,
      "pr_auc": 1.0
    },
    "ctu13-3": {
      "n": 1869.0,
      "n_pos": 25.0,
      "f1": 0.5294117647058824,
      "pr_auc": 0.9258766719856772
    },
    "ctu13-4": {
      "n": 351.0,
      "n_pos": 90.0,
      "f1": 1.0,
      "pr_auc": 1.0
    },
    "ctu13-6": {
      "n": 167.0,
      "n_pos": 71.0,
      "f1": 0.9784172661870504,
      "pr_auc": 0.9998043818466354
    },
    "ctu13-8": {
      "n": 724.0,
      "n_pos": 95.0,
      "f1": 0.978494623655914,
      "pr_auc": 1.0
    },
    "ctu13-9": {
      "n": 2611.0,
      "n_pos": 2256.0,
      "f1": 0.9973463069438302,
      "pr_auc": 0.9999071137348242
    },
    "iot23-1-1": {
      "n": 34069.0,
      "n_pos": 31339.0,
      "f1": 0.9607885216751487,
      "pr_auc": 0.9421176876114614
    },
    "iot23-17-1": {
      "n": 484.0,
      "n_pos": 388.0,
      "f1": 1.0,
      "pr_auc": 0.9999999999999999
    },
    "iot23-3-1": {
      "n": 152.0,
      "n_pos": 152.0,
      "f1": 0.9933774834437086,
      "pr_auc": 1.0
    },
    "iot23-33-1": {
      "n": 142.0,
      "n_pos": 120.0,
      "f1": 0.7839195979899497,
      "pr_auc": 0.9838568973978399
    },
    "iot23-35-1": {
      "n": 9905.0,
      "n_pos": 31.0,
      "f1": 0.2702702702702703,
      "pr_auc": 0.23718960587731605
    },
    "iot23-48-1": {
      "n": 3711.0,
      "n_pos": 3663.0,
      "f1": 1.0,
      "pr_auc": 1.0
    },
    "iot23-7-1": {
      "n": 93.0,
      "n_pos": 12.0,
      "f1": 0.5,
      "pr_auc": 0.8641076516076517
    },
    "iot23-8-1": {
      "n": 879.0,
      "n_pos": 642.0,
      "f1": 1.0,
      "pr_auc": 1.0
    },
    "iot23-9-1": {
      "n": 153.0,
      "n_pos": 21.0,
      "f1": 0.8,
      "pr_auc": 0.9106746487086388
    },
    "medbiot-bashlite_mal_CC_all": {
      "n": 56.0,
      "n_pos": 56.0,
      "f1": 1.0,
      "pr_auc": 1.0000000000000002
    },
    "medbiot-bashlite_mal_spread_all": {
      "n": 800.0,
      "n_pos": 776.0,
      "f1": 0.9847715736040609,
      "pr_auc": 0.9999538291131457
    },
    "medbiot-mirai_mal_CC_all": {
      "n": 52.0,
      "n_pos": 52.0,
      "f1": 1.0,
      "pr_auc": 1.0
    },
    "medbiot-mirai_mal_spread_all": {
      "n": 116.0,
      "n_pos": 116.0,
      "f1": 1.0,
      "pr_auc": 1.0
    },
    "medbiot-torii_mal_all": {
      "n": 16.0,
      "n_pos": 16.0,
      "f1": 1.0,
      "pr_auc": 1.0
    }
  },
  "args": {
    "config": "configs\\phase5.yaml",
    "seed": 42,
    "device": null,
    "epochs": 100,
    "patience": 15,
    "batch_size": 4,
    "grad_accum": 4,
    "lr": 0.0005,
    "hidden": 128,
    "pool_ratio": 0.25,
    "max_nodes": 400,
    "dropout": 0.3,
    "w_link": 0.1,
    "w_ent": 0.1,
    "no_amp": false,
    "tam": false,
    "tam_alpha": 1.5,
    "tam_ccm_beta": 0.5,
    "tam_balanced_prior": false,
    "graphsha": false,
    "graphsha_beta": 1.0,
    "graphsha_prob": 0.5,
    "results_suffix": "_ssl_ft",
    "emb_dir": "data\\flow_embeddings_ssl_ft"
  }
}