{
  "fit_seconds": 1776.5139058,
  "best_val_f1": 0.967895654737049,
  "params": 225818,
  "val": {
    "n": 55049,
    "n_pos": 39439,
    "accuracy": 0.9525150320623444,
    "precision": 0.9385703737226972,
    "recall": 0.9991125535637313,
    "f1": 0.967895654737049,
    "pr_auc": 0.9698379329896455,
    "roc_auc": 0.9443403844622301,
    "tn": 13031,
    "fp": 2579,
    "fn": 35,
    "tp": 39404
  },
  "test": {
    "n": 59210,
    "n_pos": 41063,
    "accuracy": 0.9532511400101334,
    "precision": 0.9392132125243721,
    "recall": 0.9971263668022308,
    "f1": 0.9673037397528881,
    "pr_auc": 0.9690514668018434,
    "roc_auc": 0.9505555140504998,
    "tn": 15497,
    "fp": 2650,
    "fn": 118,
    "tp": 40945
  },
  "test_per_scenario": {
    "ctu13-1": {
      "n": 860.0,
      "n_pos": 620.0,
      "f1": 0.9959644874899112,
      "pr_auc": 0.9999477590890958
    },
    "ctu13-10": {
      "n": 1048.0,
      "n_pos": 147.0,
      "f1": 0.6354515050167224,
      "pr_auc": 0.7220477912362634
    },
    "ctu13-13": {
      "n": 654.0,
      "n_pos": 159.0,
      "f1": 0.9968652037617555,
      "pr_auc": 1.0
    },
    "ctu13-2": {
      "n": 298.0,
      "n_pos": 216.0,
      "f1": 1.0,
      "pr_auc": 1.0
    },
    "ctu13-3": {
      "n": 1869.0,
      "n_pos": 25.0,
      "f1": 0.8888888888888888,
      "pr_auc": 0.9753448463125882
    },
    "ctu13-4": {
      "n": 351.0,
      "n_pos": 90.0,
      "f1": 0.9830508474576272,
      "pr_auc": 0.9983771100280097
    },
    "ctu13-6": {
      "n": 167.0,
      "n_pos": 71.0,
      "f1": 1.0,
      "pr_auc": 0.9999999999999999
    },
    "ctu13-8": {
      "n": 724.0,
      "n_pos": 95.0,
      "f1": 1.0,
      "pr_auc": 1.0
    },
    "ctu13-9": {
      "n": 2611.0,
      "n_pos": 2256.0,
      "f1": 0.9993352537115001,
      "pr_auc": 0.9989974804124637
    },
    "iot23-1-1": {
      "n": 34069.0,
      "n_pos": 31339.0,
      "f1": 0.9607885216751487,
      "pr_auc": 0.9425617667608822
    },
    "iot23-17-1": {
      "n": 484.0,
      "n_pos": 388.0,
      "f1": 1.0,
      "pr_auc": 1.0
    },
    "iot23-3-1": {
      "n": 152.0,
      "n_pos": 152.0,
      "f1": 0.9966996699669967,
      "pr_auc": 0.9999999999999998
    },
    "iot23-33-1": {
      "n": 142.0,
      "n_pos": 120.0,
      "f1": 0.8691588785046729,
      "pr_auc": 0.9961448397927213
    },
    "iot23-35-1": {
      "n": 9905.0,
      "n_pos": 31.0,
      "f1": 0.56,
      "pr_auc": 0.5988349032181204
    },
    "iot23-48-1": {
      "n": 3711.0,
      "n_pos": 3663.0,
      "f1": 1.0,
      "pr_auc": 1.0
    },
    "iot23-7-1": {
      "n": 93.0,
      "n_pos": 12.0,
      "f1": 0.6666666666666666,
      "pr_auc": 0.9240338164251208
    },
    "iot23-8-1": {
      "n": 879.0,
      "n_pos": 642.0,
      "f1": 1.0,
      "pr_auc": 1.0
    },
    "iot23-9-1": {
      "n": 153.0,
      "n_pos": 21.0,
      "f1": 0.9230769230769231,
      "pr_auc": 0.967275650505464
    },
    "medbiot-bashlite_mal_CC_all": {
      "n": 56.0,
      "n_pos": 56.0,
      "f1": 1.0,
      "pr_auc": 1.0000000000000002
    },
    "medbiot-bashlite_mal_spread_all": {
      "n": 800.0,
      "n_pos": 776.0,
      "f1": 0.9847715736040609,
      "pr_auc": 0.9463480681676624
    },
    "medbiot-mirai_mal_CC_all": {
      "n": 52.0,
      "n_pos": 52.0,
      "f1": 1.0,
      "pr_auc": 0.9999999999999999
    },
    "medbiot-mirai_mal_spread_all": {
      "n": 116.0,
      "n_pos": 116.0,
      "f1": 1.0,
      "pr_auc": 1.0
    },
    "medbiot-torii_mal_all": {
      "n": 16.0,
      "n_pos": 16.0,
      "f1": 1.0,
      "pr_auc": 1.0
    }
  },
  "args": {
    "config": "configs\\phase5.yaml",
    "seed": 42,
    "device": null,
    "epochs": 100,
    "patience": 15,
    "batch_size": 4,
    "grad_accum": 4,
    "lr": 0.0005,
    "hidden": 128,
    "pool_ratio": 0.25,
    "max_nodes": 400,
    "dropout": 0.3,
    "w_link": 0.1,
    "w_ent": 0.1,
    "no_amp": false
  }
}