{
  "fit_seconds": 1025.853939100005,
  "best_val_f1": 0.9681832136059434,
  "params": 1355399,
  "val": {
    "n": 55049,
    "n_pos": 39439,
    "accuracy": 0.9529328416501662,
    "precision": 0.9387084484236594,
    "recall": 0.999568954588098,
    "f1": 0.9681832136059434,
    "pr_auc": 0.9682553767234006,
    "roc_auc": 0.9420645054577834,
    "tn": 13036,
    "fp": 2574,
    "fn": 17,
    "tp": 39422
  },
  "test": {
    "n": 59210,
    "n_pos": 41063,
    "accuracy": 0.950633338963013,
    "precision": 0.9392389902340151,
    "recall": 0.9930594452426759,
    "f1": 0.9653996851288486,
    "pr_auc": 0.9690337800558726,
    "roc_auc": 0.949295233616415,
    "tn": 15509,
    "fp": 2638,
    "fn": 285,
    "tp": 40778
  },
  "test_per_scenario": {
    "ctu13-1": {
      "n": 860.0,
      "n_pos": 620.0,
      "f1": 0.826868495742668,
      "pr_auc": 0.9978606018933267
    },
    "ctu13-10": {
      "n": 1048.0,
      "n_pos": 147.0,
      "f1": 0.6405693950177936,
      "pr_auc": 0.6588077893223784
    },
    "ctu13-13": {
      "n": 654.0,
      "n_pos": 159.0,
      "f1": 0.99375,
      "pr_auc": 1.0
    },
    "ctu13-2": {
      "n": 298.0,
      "n_pos": 216.0,
      "f1": 1.0,
      "pr_auc": 1.0
    },
    "ctu13-3": {
      "n": 1869.0,
      "n_pos": 25.0,
      "f1": 0.75,
      "pr_auc": 0.9378220298220299
    },
    "ctu13-4": {
      "n": 351.0,
      "n_pos": 90.0,
      "f1": 0.9832402234636871,
      "pr_auc": 0.9991544142752833
    },
    "ctu13-6": {
      "n": 167.0,
      "n_pos": 71.0,
      "f1": 0.993006993006993,
      "pr_auc": 1.0
    },
    "ctu13-8": {
      "n": 724.0,
      "n_pos": 95.0,
      "f1": 0.9895833333333334,
      "pr_auc": 1.0
    },
    "ctu13-9": {
      "n": 2611.0,
      "n_pos": 2256.0,
      "f1": 0.9993355481727575,
      "pr_auc": 0.9999982327964614
    },
    "iot23-1-1": {
      "n": 34069.0,
      "n_pos": 31339.0,
      "f1": 0.9607885216751487,
      "pr_auc": 0.9399290610385465
    },
    "iot23-17-1": {
      "n": 484.0,
      "n_pos": 388.0,
      "f1": 1.0,
      "pr_auc": 1.0
    },
    "iot23-3-1": {
      "n": 152.0,
      "n_pos": 152.0,
      "f1": 1.0,
      "pr_auc": 0.9999999999999999
    },
    "iot23-33-1": {
      "n": 142.0,
      "n_pos": 120.0,
      "f1": 0.995850622406639,
      "pr_auc": 0.9999999999999999
    },
    "iot23-35-1": {
      "n": 9905.0,
      "n_pos": 31.0,
      "f1": 0.3076923076923077,
      "pr_auc": 0.6753350922231319
    },
    "iot23-48-1": {
      "n": 3711.0,
      "n_pos": 3663.0,
      "f1": 1.0,
      "pr_auc": 1.0
    },
    "iot23-7-1": {
      "n": 93.0,
      "n_pos": 12.0,
      "f1": 0.7368421052631579,
      "pr_auc": 1.0
    },
    "iot23-8-1": {
      "n": 879.0,
      "n_pos": 642.0,
      "f1": 1.0,
      "pr_auc": 1.0
    },
    "iot23-9-1": {
      "n": 153.0,
      "n_pos": 21.0,
      "f1": 0.9230769230769231,
      "pr_auc": 0.9908424908424911
    },
    "medbiot-bashlite_mal_CC_all": {
      "n": 56.0,
      "n_pos": 56.0,
      "f1": 1.0,
      "pr_auc": 1.0000000000000002
    },
    "medbiot-bashlite_mal_spread_all": {
      "n": 800.0,
      "n_pos": 776.0,
      "f1": 0.9847715736040609,
      "pr_auc": 1.0
    },
    "medbiot-mirai_mal_CC_all": {
      "n": 52.0,
      "n_pos": 52.0,
      "f1": 1.0,
      "pr_auc": 1.0
    },
    "medbiot-mirai_mal_spread_all": {
      "n": 116.0,
      "n_pos": 116.0,
      "f1": 1.0,
      "pr_auc": 0.9999999999999998
    },
    "medbiot-torii_mal_all": {
      "n": 16.0,
      "n_pos": 16.0,
      "f1": 1.0,
      "pr_auc": 1.0
    }
  },
  "args": {
    "config": "configs\\phase5.yaml",
    "seed": 2,
    "device": null,
    "epochs": 100,
    "patience": 15,
    "batch_size": 4,
    "grad_accum": 4,
    "lr": 0.0005,
    "hidden": 128,
    "pool_ratio": 0.5,
    "dropout": 0.3,
    "gt_variant": "edge",
    "gt_layers": 2,
    "gt_heads": 4,
    "no_amp": false,
    "results_suffix": "_edge_seed2",
    "emb_dir": "data\\flow_embeddings"
  }
}