{
  "fit_seconds": 125.82346270000198,
  "best_val_f1": 0.9666711744384751,
  "params": 211335,
  "val": {
    "n": 55049,
    "n_pos": 39439,
    "accuracy": 0.9507529655397918,
    "precision": 0.9382607035463701,
    "recall": 0.9968559040543624,
    "f1": 0.9666711744384751,
    "pr_auc": 0.9627281897717324,
    "roc_auc": 0.932904965069111,
    "tn": 13023,
    "fp": 2587,
    "fn": 124,
    "tp": 39315
  },
  "test": {
    "n": 59210,
    "n_pos": 41063,
    "accuracy": 0.9354669819287282,
    "precision": 0.9364978902953587,
    "recall": 0.972919660034581,
    "f1": 0.9543614060652389,
    "pr_auc": 0.9589515812731204,
    "roc_auc": 0.9318459321875703,
    "tn": 15438,
    "fp": 2709,
    "fn": 1112,
    "tp": 39951
  },
  "test_per_scenario": {
    "ctu13-1": {
      "n": 860.0,
      "n_pos": 620.0,
      "f1": 0.9162303664921466,
      "pr_auc": 0.9996128658439785
    },
    "ctu13-10": {
      "n": 1048.0,
      "n_pos": 147.0,
      "f1": 0.4261168384879725,
      "pr_auc": 0.3543407539361678
    },
    "ctu13-13": {
      "n": 654.0,
      "n_pos": 159.0,
      "f1": 0.9906542056074766,
      "pr_auc": 0.9998813306786153
    },
    "ctu13-2": {
      "n": 298.0,
      "n_pos": 216.0,
      "f1": 1.0,
      "pr_auc": 1.0
    },
    "ctu13-3": {
      "n": 1869.0,
      "n_pos": 25.0,
      "f1": 0.5789473684210527,
      "pr_auc": 0.9188395971505773
    },
    "ctu13-4": {
      "n": 351.0,
      "n_pos": 90.0,
      "f1": 0.9775280898876404,
      "pr_auc": 0.9928935187248997
    },
    "ctu13-6": {
      "n": 167.0,
      "n_pos": 71.0,
      "f1": 1.0,
      "pr_auc": 0.9999999999999999
    },
    "ctu13-8": {
      "n": 724.0,
      "n_pos": 95.0,
      "f1": 0.9633507853403142,
      "pr_auc": 0.9976636477140602
    },
    "ctu13-9": {
      "n": 2611.0,
      "n_pos": 2256.0,
      "f1": 0.9959946595460614,
      "pr_auc": 0.9999988224154976
    },
    "iot23-1-1": {
      "n": 34069.0,
      "n_pos": 31339.0,
      "f1": 0.9607296137339055,
      "pr_auc": 0.9269287799196213
    },
    "iot23-17-1": {
      "n": 484.0,
      "n_pos": 388.0,
      "f1": 1.0,
      "pr_auc": 1.0
    },
    "iot23-3-1": {
      "n": 152.0,
      "n_pos": 152.0,
      "f1": 0.9866666666666667,
      "pr_auc": 0.9999999999999999
    },
    "iot23-33-1": {
      "n": 142.0,
      "n_pos": 120.0,
      "f1": 0.6480446927374302,
      "pr_auc": 0.9730209121262388
    },
    "iot23-35-1": {
      "n": 9905.0,
      "n_pos": 31.0,
      "f1": 0.7407407407407407,
      "pr_auc": 0.6193109574356902
    },
    "iot23-48-1": {
      "n": 3711.0,
      "n_pos": 3663.0,
      "f1": 1.0,
      "pr_auc": 1.0
    },
    "iot23-7-1": {
      "n": 93.0,
      "n_pos": 12.0,
      "f1": 0.6666666666666666,
      "pr_auc": 0.6194886206561246
    },
    "iot23-8-1": {
      "n": 879.0,
      "n_pos": 642.0,
      "f1": 0.9846625766871165,
      "pr_auc": 1.0
    },
    "iot23-9-1": {
      "n": 153.0,
      "n_pos": 21.0,
      "f1": 0.8,
      "pr_auc": 0.8354321074522313
    },
    "medbiot-bashlite_mal_CC_all": {
      "n": 56.0,
      "n_pos": 56.0,
      "f1": 1.0,
      "pr_auc": 1.0000000000000002
    },
    "medbiot-bashlite_mal_spread_all": {
      "n": 800.0,
      "n_pos": 776.0,
      "f1": 0.0,
      "pr_auc": 0.9992798669030309
    },
    "medbiot-mirai_mal_CC_all": {
      "n": 52.0,
      "n_pos": 52.0,
      "f1": 0.9702970297029703,
      "pr_auc": 1.0
    },
    "medbiot-mirai_mal_spread_all": {
      "n": 116.0,
      "n_pos": 116.0,
      "f1": 0.8041237113402062,
      "pr_auc": 0.9999999999999998
    },
    "medbiot-torii_mal_all": {
      "n": 16.0,
      "n_pos": 16.0,
      "f1": 1.0,
      "pr_auc": 1.0
    }
  },
  "args": {
    "config": "configs\\phase5.yaml",
    "seed": 42,
    "device": null,
    "epochs": 3,
    "patience": 15,
    "batch_size": 2,
    "grad_accum": 4,
    "lr": 0.0005,
    "hidden": 128,
    "pool_ratio": 0.5,
    "dropout": 0.3,
    "no_amp": false,
    "results_suffix": "_smoke",
    "emb_dir": "data\\flow_embeddings"
  }
}