{
  "fit_seconds": 883.2328752000012,
  "best_val_f1": 0.9662405849014941,
  "params": 225818,
  "val": {
    "n": 55049,
    "n_pos": 39439,
    "accuracy": 0.9500081745354139,
    "precision": 0.9359300363601797,
    "recall": 0.9985800857019701,
    "f1": 0.9662405849014941,
    "pr_auc": 0.9648683862771392,
    "roc_auc": 0.938638399387411,
    "tn": 12914,
    "fp": 2696,
    "fn": 56,
    "tp": 39383
  },
  "test": {
    "n": 59210,
    "n_pos": 41063,
    "accuracy": 0.9489275460226313,
    "precision": 0.9349401998673649,
    "recall": 0.9956408445559263,
    "f1": 0.9643362581375602,
    "pr_auc": 0.9618568469804178,
    "roc_auc": 0.9422610237527984,
    "tn": 15302,
    "fp": 2845,
    "fn": 179,
    "tp": 40884
  },
  "test_per_scenario": {
    "ctu13-1": {
      "n": 860.0,
      "n_pos": 620.0,
      "f1": 0.9864108713029577,
      "pr_auc": 0.9994725257360895
    },
    "ctu13-10": {
      "n": 1048.0,
      "n_pos": 147.0,
      "f1": 0.6228373702422145,
      "pr_auc": 0.7077594057261786
    },
    "ctu13-13": {
      "n": 654.0,
      "n_pos": 159.0,
      "f1": 0.9905956112852664,
      "pr_auc": 0.9998835313300722
    },
    "ctu13-2": {
      "n": 298.0,
      "n_pos": 216.0,
      "f1": 1.0,
      "pr_auc": 1.0
    },
    "ctu13-3": {
      "n": 1869.0,
      "n_pos": 25.0,
      "f1": 0.8936170212765957,
      "pr_auc": 0.9415629565181844
    },
    "ctu13-4": {
      "n": 351.0,
      "n_pos": 90.0,
      "f1": 0.9723756906077348,
      "pr_auc": 0.9936280114668057
    },
    "ctu13-6": {
      "n": 167.0,
      "n_pos": 71.0,
      "f1": 0.965034965034965,
      "pr_auc": 0.9983236905868587
    },
    "ctu13-8": {
      "n": 724.0,
      "n_pos": 95.0,
      "f1": 0.9629629629629629,
      "pr_auc": 0.9837143946516299
    },
    "ctu13-9": {
      "n": 2611.0,
      "n_pos": 2256.0,
      "f1": 0.9520562539953121,
      "pr_auc": 0.9823182319997763
    },
    "iot23-1-1": {
      "n": 34069.0,
      "n_pos": 31339.0,
      "f1": 0.9607885216751487,
      "pr_auc": 0.9424452861387308
    },
    "iot23-17-1": {
      "n": 484.0,
      "n_pos": 388.0,
      "f1": 1.0,
      "pr_auc": 1.0
    },
    "iot23-3-1": {
      "n": 152.0,
      "n_pos": 152.0,
      "f1": 0.9966996699669967,
      "pr_auc": 0.9999999999999999
    },
    "iot23-33-1": {
      "n": 142.0,
      "n_pos": 120.0,
      "f1": 0.8796296296296297,
      "pr_auc": 0.9964653877398516
    },
    "iot23-35-1": {
      "n": 9905.0,
      "n_pos": 31.0,
      "f1": 0.3076923076923077,
      "pr_auc": 0.42249547814807975
    },
    "iot23-48-1": {
      "n": 3711.0,
      "n_pos": 3663.0,
      "f1": 1.0,
      "pr_auc": 1.0
    },
    "iot23-7-1": {
      "n": 93.0,
      "n_pos": 12.0,
      "f1": 0.6666666666666666,
      "pr_auc": 0.9754901960784315
    },
    "iot23-8-1": {
      "n": 879.0,
      "n_pos": 642.0,
      "f1": 1.0,
      "pr_auc": 1.0
    },
    "iot23-9-1": {
      "n": 153.0,
      "n_pos": 21.0,
      "f1": 0.6666666666666666,
      "pr_auc": 0.8946121514985335
    },
    "medbiot-bashlite_mal_CC_all": {
      "n": 56.0,
      "n_pos": 56.0,
      "f1": 1.0,
      "pr_auc": 1.0000000000000002
    },
    "medbiot-bashlite_mal_spread_all": {
      "n": 800.0,
      "n_pos": 776.0,
      "f1": 0.9922077922077922,
      "pr_auc": 0.9997230995016331
    },
    "medbiot-mirai_mal_CC_all": {
      "n": 52.0,
      "n_pos": 52.0,
      "f1": 1.0,
      "pr_auc": 1.0
    },
    "medbiot-mirai_mal_spread_all": {
      "n": 116.0,
      "n_pos": 116.0,
      "f1": 1.0,
      "pr_auc": 0.9999999999999998
    },
    "medbiot-torii_mal_all": {
      "n": 16.0,
      "n_pos": 16.0,
      "f1": 0.7692307692307693,
      "pr_auc": 1.0
    }
  },
  "args": {
    "config": "configs\\phase5.yaml",
    "seed": 42,
    "device": null,
    "epochs": 100,
    "patience": 15,
    "batch_size": 4,
    "grad_accum": 4,
    "lr": 0.0005,
    "hidden": 128,
    "pool_ratio": 0.25,
    "max_nodes": 400,
    "dropout": 0.3,
    "w_link": 0.1,
    "w_ent": 0.1,
    "no_amp": false,
    "tam": false,
    "tam_alpha": 1.5,
    "tam_ccm_beta": 0.5,
    "tam_balanced_prior": false,
    "graphsha": false,
    "graphsha_beta": 1.0,
    "graphsha_prob": 0.5,
    "results_suffix": "_ssl",
    "emb_dir": "data\\flow_embeddings_ssl"
  }
}