{
  "fit_seconds": 653.2446951999991,
  "best_val_f1": 0.9681935404642024,
  "params": 211335,
  "val": {
    "n": 55049,
    "n_pos": 39439,
    "accuracy": 0.9529510072844193,
    "precision": 0.938772594127313,
    "recall": 0.9995182433631684,
    "f1": 0.9681935404642024,
    "pr_auc": 0.969194673815219,
    "roc_auc": 0.9434883985240858,
    "tn": 13039,
    "fp": 2571,
    "fn": 19,
    "tp": 39420
  },
  "test": {
    "n": 59210,
    "n_pos": 41063,
    "accuracy": 0.9534706975173113,
    "precision": 0.9397759103641457,
    "recall": 0.996785427270292,
    "f1": 0.9674415306616874,
    "pr_auc": 0.9709806228886969,
    "roc_auc": 0.9516499129317778,
    "tn": 15524,
    "fp": 2623,
    "fn": 132,
    "tp": 40931
  },
  "test_per_scenario": {
    "ctu13-1": {
      "n": 860.0,
      "n_pos": 620.0,
      "f1": 0.9927007299270073,
      "pr_auc": 0.9997981328532611
    },
    "ctu13-10": {
      "n": 1048.0,
      "n_pos": 147.0,
      "f1": 0.5274725274725275,
      "pr_auc": 0.4314993985904286
    },
    "ctu13-13": {
      "n": 654.0,
      "n_pos": 159.0,
      "f1": 0.99375,
      "pr_auc": 0.9999606918238994
    },
    "ctu13-2": {
      "n": 298.0,
      "n_pos": 216.0,
      "f1": 1.0,
      "pr_auc": 1.0
    },
    "ctu13-3": {
      "n": 1869.0,
      "n_pos": 25.0,
      "f1": 0.9795918367346939,
      "pr_auc": 0.9877777777777779
    },
    "ctu13-4": {
      "n": 351.0,
      "n_pos": 90.0,
      "f1": 0.9775280898876404,
      "pr_auc": 0.998702814358396
    },
    "ctu13-6": {
      "n": 167.0,
      "n_pos": 71.0,
      "f1": 0.993006993006993,
      "pr_auc": 1.0
    },
    "ctu13-8": {
      "n": 724.0,
      "n_pos": 95.0,
      "f1": 0.9947643979057592,
      "pr_auc": 1.0
    },
    "ctu13-9": {
      "n": 2611.0,
      "n_pos": 2256.0,
      "f1": 0.9993349589891377,
      "pr_auc": 0.9999996071239237
    },
    "iot23-1-1": {
      "n": 34069.0,
      "n_pos": 31339.0,
      "f1": 0.9607885216751487,
      "pr_auc": 0.9428210890366104
    },
    "iot23-17-1": {
      "n": 484.0,
      "n_pos": 388.0,
      "f1": 1.0,
      "pr_auc": 1.0
    },
    "iot23-3-1": {
      "n": 152.0,
      "n_pos": 152.0,
      "f1": 1.0,
      "pr_auc": 0.9999999999999999
    },
    "iot23-33-1": {
      "n": 142.0,
      "n_pos": 120.0,
      "f1": 0.995850622406639,
      "pr_auc": 0.9949774523673216
    },
    "iot23-35-1": {
      "n": 9905.0,
      "n_pos": 31.0,
      "f1": 0.5531914893617021,
      "pr_auc": 0.6587647470763617
    },
    "iot23-48-1": {
      "n": 3711.0,
      "n_pos": 3663.0,
      "f1": 1.0,
      "pr_auc": 1.0
    },
    "iot23-7-1": {
      "n": 93.0,
      "n_pos": 12.0,
      "f1": 0.9090909090909091,
      "pr_auc": 0.9935897435897437
    },
    "iot23-8-1": {
      "n": 879.0,
      "n_pos": 642.0,
      "f1": 1.0,
      "pr_auc": 1.0
    },
    "iot23-9-1": {
      "n": 153.0,
      "n_pos": 21.0,
      "f1": 0.95,
      "pr_auc": 1.0000000000000002
    },
    "medbiot-bashlite_mal_CC_all": {
      "n": 56.0,
      "n_pos": 56.0,
      "f1": 1.0,
      "pr_auc": 1.0000000000000002
    },
    "medbiot-bashlite_mal_spread_all": {
      "n": 800.0,
      "n_pos": 776.0,
      "f1": 0.9862834748530372,
      "pr_auc": 1.0
    },
    "medbiot-mirai_mal_CC_all": {
      "n": 52.0,
      "n_pos": 52.0,
      "f1": 1.0,
      "pr_auc": 1.0000000000000002
    },
    "medbiot-mirai_mal_spread_all": {
      "n": 116.0,
      "n_pos": 116.0,
      "f1": 1.0,
      "pr_auc": 1.0
    },
    "medbiot-torii_mal_all": {
      "n": 16.0,
      "n_pos": 16.0,
      "f1": 1.0,
      "pr_auc": 1.0
    }
  },
  "args": {
    "config": "configs\\phase5.yaml",
    "seed": 42,
    "device": null,
    "epochs": 100,
    "patience": 15,
    "batch_size": 4,
    "grad_accum": 4,
    "lr": 0.0005,
    "hidden": 128,
    "pool_ratio": 0.5,
    "dropout": 0.3,
    "no_amp": false,
    "results_suffix": "_baseline",
    "emb_dir": "data\\flow_embeddings"
  }
}