{
  "fit_seconds": 147.9432667000001,
  "best_val_f1": 0.9649473413189804,
  "params": 225818,
  "val": {
    "n": 55049,
    "n_pos": 39439,
    "accuracy": 0.94806445167033,
    "precision": 0.934194283543823,
    "recall": 0.9977940617155607,
    "f1": 0.9649473413189804,
    "pr_auc": 0.95625595413248,
    "roc_auc": 0.9246315213079974,
    "tn": 12838,
    "fp": 2772,
    "fn": 87,
    "tp": 39352
  },
  "test": {
    "n": 59210,
    "n_pos": 41063,
    "accuracy": 0.942982604289816,
    "precision": 0.9365458125796363,
    "recall": 0.9844872512967878,
    "f1": 0.959918316949233,
    "pr_auc": 0.9593217259523766,
    "roc_auc": 0.9348130279181928,
    "tn": 15408,
    "fp": 2739,
    "fn": 637,
    "tp": 40426
  },
  "test_per_scenario": {
    "ctu13-1": {
      "n": 860.0,
      "n_pos": 620.0,
      "f1": 0.94375,
      "pr_auc": 0.9881671293093276
    },
    "ctu13-10": {
      "n": 1048.0,
      "n_pos": 147.0,
      "f1": 0.5244755244755245,
      "pr_auc": 0.481623373180354
    },
    "ctu13-13": {
      "n": 654.0,
      "n_pos": 159.0,
      "f1": 0.9407894736842105,
      "pr_auc": 0.9909063571310215
    },
    "ctu13-2": {
      "n": 298.0,
      "n_pos": 216.0,
      "f1": 0.985981308411215,
      "pr_auc": 0.999782095259639
    },
    "ctu13-3": {
      "n": 1869.0,
      "n_pos": 25.0,
      "f1": 0.7804878048780488,
      "pr_auc": 0.9568328407224962
    },
    "ctu13-4": {
      "n": 351.0,
      "n_pos": 90.0,
      "f1": 0.9659090909090909,
      "pr_auc": 0.9844308356257676
    },
    "ctu13-6": {
      "n": 167.0,
      "n_pos": 71.0,
      "f1": 0.948905109489051,
      "pr_auc": 0.992180227981058
    },
    "ctu13-8": {
      "n": 724.0,
      "n_pos": 95.0,
      "f1": 0.983957219251337,
      "pr_auc": 0.9996675654702266
    },
    "ctu13-9": {
      "n": 2611.0,
      "n_pos": 2256.0,
      "f1": 0.9849624060150376,
      "pr_auc": 0.9962974458607213
    },
    "iot23-1-1": {
      "n": 34069.0,
      "n_pos": 31339.0,
      "f1": 0.9607885216751487,
      "pr_auc": 0.9281480890301367
    },
    "iot23-17-1": {
      "n": 484.0,
      "n_pos": 388.0,
      "f1": 1.0,
      "pr_auc": 0.9999999999999999
    },
    "iot23-3-1": {
      "n": 152.0,
      "n_pos": 152.0,
      "f1": 0.9900332225913622,
      "pr_auc": 0.9999999999999999
    },
    "iot23-33-1": {
      "n": 142.0,
      "n_pos": 120.0,
      "f1": 0.7395833333333334,
      "pr_auc": 0.9863852141124974
    },
    "iot23-35-1": {
      "n": 9905.0,
      "n_pos": 31.0,
      "f1": 0.0,
      "pr_auc": 0.019980728882443524
    },
    "iot23-48-1": {
      "n": 3711.0,
      "n_pos": 3663.0,
      "f1": 0.9990451507297776,
      "pr_auc": 0.9999977639991493
    },
    "iot23-7-1": {
      "n": 93.0,
      "n_pos": 12.0,
      "f1": 0.7368421052631579,
      "pr_auc": 0.9274373287531182
    },
    "iot23-8-1": {
      "n": 879.0,
      "n_pos": 642.0,
      "f1": 1.0,
      "pr_auc": 1.0
    },
    "iot23-9-1": {
      "n": 153.0,
      "n_pos": 21.0,
      "f1": 0.8292682926829268,
      "pr_auc": 0.9352053545917365
    },
    "medbiot-bashlite_mal_CC_all": {
      "n": 56.0,
      "n_pos": 56.0,
      "f1": 1.0,
      "pr_auc": 1.0000000000000002
    },
    "medbiot-bashlite_mal_spread_all": {
      "n": 800.0,
      "n_pos": 776.0,
      "f1": 0.6683673469387755,
      "pr_auc": 0.9714275605882304
    },
    "medbiot-mirai_mal_CC_all": {
      "n": 52.0,
      "n_pos": 52.0,
      "f1": 1.0,
      "pr_auc": 1.0
    },
    "medbiot-mirai_mal_spread_all": {
      "n": 116.0,
      "n_pos": 116.0,
      "f1": 1.0,
      "pr_auc": 1.0
    },
    "medbiot-torii_mal_all": {
      "n": 16.0,
      "n_pos": 16.0,
      "f1": 1.0,
      "pr_auc": 1.0
    }
  },
  "args": {
    "config": "configs\\phase5.yaml",
    "seed": 42,
    "device": null,
    "epochs": 3,
    "patience": 15,
    "batch_size": 2,
    "grad_accum": 4,
    "lr": 0.0005,
    "hidden": 128,
    "pool_ratio": 0.25,
    "max_nodes": 400,
    "dropout": 0.3,
    "w_link": 0.1,
    "w_ent": 0.1,
    "no_amp": false,
    "tam": false,
    "tam_alpha": 1.5,
    "tam_ccm_beta": 0.5,
    "tam_balanced_prior": false,
    "graphsha": true,
    "graphsha_beta": 1.0,
    "graphsha_prob": 0.5,
    "results_suffix": "_sha_smoke"
  }
}