{
  "fit_seconds": 885.938640299999,
  "best_val_f1": 0.9681118846772511,
  "params": 1355399,
  "val": {
    "n": 55049,
    "n_pos": 39439,
    "accuracy": 0.9528238478446475,
    "precision": 0.9385743536022094,
    "recall": 0.999568954588098,
    "f1": 0.9681118846772511,
    "pr_auc": 0.9680197258763514,
    "roc_auc": 0.9415029647305706,
    "tn": 13030,
    "fp": 2580,
    "fn": 17,
    "tp": 39422
  },
  "test": {
    "n": 59210,
    "n_pos": 41063,
    "accuracy": 0.9535044755953386,
    "precision": 0.9388919439098158,
    "recall": 0.9979056571609478,
    "f1": 0.9674997343785048,
    "pr_auc": 0.9691871003143038,
    "roc_auc": 0.9494385673021377,
    "tn": 15480,
    "fp": 2667,
    "fn": 86,
    "tp": 40977
  },
  "test_per_scenario": {
    "ctu13-1": {
      "n": 860.0,
      "n_pos": 620.0,
      "f1": 0.998389694041868,
      "pr_auc": 0.9994133863662746
    },
    "ctu13-10": {
      "n": 1048.0,
      "n_pos": 147.0,
      "f1": 0.6518987341772152,
      "pr_auc": 0.6497686458694044
    },
    "ctu13-13": {
      "n": 654.0,
      "n_pos": 159.0,
      "f1": 0.9906542056074766,
      "pr_auc": 0.9999211364265653
    },
    "ctu13-2": {
      "n": 298.0,
      "n_pos": 216.0,
      "f1": 1.0,
      "pr_auc": 1.0000000000000002
    },
    "ctu13-3": {
      "n": 1869.0,
      "n_pos": 25.0,
      "f1": 0.9795918367346939,
      "pr_auc": 0.9957142857142859
    },
    "ctu13-4": {
      "n": 351.0,
      "n_pos": 90.0,
      "f1": 0.9832402234636871,
      "pr_auc": 0.9996295991427075
    },
    "ctu13-6": {
      "n": 167.0,
      "n_pos": 71.0,
      "f1": 0.9793103448275862,
      "pr_auc": 0.9994290064712599
    },
    "ctu13-8": {
      "n": 724.0,
      "n_pos": 95.0,
      "f1": 0.9547738693467337,
      "pr_auc": 0.9840504605543148
    },
    "ctu13-9": {
      "n": 2611.0,
      "n_pos": 2256.0,
      "f1": 0.9995569339831635,
      "pr_auc": 0.9999976403865003
    },
    "iot23-1-1": {
      "n": 34069.0,
      "n_pos": 31339.0,
      "f1": 0.9607737940126002,
      "pr_auc": 0.939909364979284
    },
    "iot23-17-1": {
      "n": 484.0,
      "n_pos": 388.0,
      "f1": 1.0,
      "pr_auc": 1.0
    },
    "iot23-3-1": {
      "n": 152.0,
      "n_pos": 152.0,
      "f1": 0.9966996699669967,
      "pr_auc": 1.0
    },
    "iot23-33-1": {
      "n": 142.0,
      "n_pos": 120.0,
      "f1": 0.9432314410480349,
      "pr_auc": 0.9949774523673214
    },
    "iot23-35-1": {
      "n": 9905.0,
      "n_pos": 31.0,
      "f1": 0.5652173913043478,
      "pr_auc": 0.7087495290025839
    },
    "iot23-48-1": {
      "n": 3711.0,
      "n_pos": 3663.0,
      "f1": 1.0,
      "pr_auc": 1.0
    },
    "iot23-7-1": {
      "n": 93.0,
      "n_pos": 12.0,
      "f1": 0.7368421052631579,
      "pr_auc": 0.8337673611111113
    },
    "iot23-8-1": {
      "n": 879.0,
      "n_pos": 642.0,
      "f1": 1.0,
      "pr_auc": 1.0
    },
    "iot23-9-1": {
      "n": 153.0,
      "n_pos": 21.0,
      "f1": 0.8571428571428571,
      "pr_auc": 0.9172915223921898
    },
    "medbiot-bashlite_mal_CC_all": {
      "n": 56.0,
      "n_pos": 56.0,
      "f1": 1.0,
      "pr_auc": 1.0
    },
    "medbiot-bashlite_mal_spread_all": {
      "n": 800.0,
      "n_pos": 776.0,
      "f1": 0.9897959183673469,
      "pr_auc": 1.0
    },
    "medbiot-mirai_mal_CC_all": {
      "n": 52.0,
      "n_pos": 52.0,
      "f1": 1.0,
      "pr_auc": 1.0
    },
    "medbiot-mirai_mal_spread_all": {
      "n": 116.0,
      "n_pos": 116.0,
      "f1": 1.0,
      "pr_auc": 1.0
    },
    "medbiot-torii_mal_all": {
      "n": 16.0,
      "n_pos": 16.0,
      "f1": 1.0,
      "pr_auc": 1.0
    }
  },
  "args": {
    "config": "configs\\phase5.yaml",
    "seed": 1,
    "device": null,
    "epochs": 100,
    "patience": 15,
    "batch_size": 4,
    "grad_accum": 4,
    "lr": 0.0005,
    "hidden": 128,
    "pool_ratio": 0.5,
    "dropout": 0.3,
    "gt_variant": "edge",
    "gt_layers": 2,
    "gt_heads": 4,
    "no_amp": false,
    "results_suffix": "_edge_seed1",
    "emb_dir": "data\\flow_embeddings"
  }
}