{
  "fit_seconds": 965.0187939000025,
  "best_val_f1": 0.9679147012578616,
  "params": 1751943,
  "val": {
    "n": 55049,
    "n_pos": 39439,
    "accuracy": 0.9525513633308507,
    "precision": 0.9387404989396936,
    "recall": 0.9989604198889425,
    "f1": 0.9679147012578616,
    "pr_auc": 0.966091518538965,
    "roc_auc": 0.9391789547312005,
    "tn": 13039,
    "fp": 2571,
    "fn": 41,
    "tp": 39398
  },
  "test": {
    "n": 59210,
    "n_pos": 41063,
    "accuracy": 0.9503293362607668,
    "precision": 0.9359989020540739,
    "recall": 0.996517546209483,
    "f1": 0.9653106238426062,
    "pr_auc": 0.9692689533240809,
    "roc_auc": 0.9494659791582852,
    "tn": 15349,
    "fp": 2798,
    "fn": 143,
    "tp": 40920
  },
  "test_per_scenario": {
    "ctu13-1": {
      "n": 860.0,
      "n_pos": 620.0,
      "f1": 0.9918831168831169,
      "pr_auc": 0.9998014124863898
    },
    "ctu13-10": {
      "n": 1048.0,
      "n_pos": 147.0,
      "f1": 0.5620437956204379,
      "pr_auc": 0.4966530869364408
    },
    "ctu13-13": {
      "n": 654.0,
      "n_pos": 159.0,
      "f1": 0.99375,
      "pr_auc": 0.9999999999999999
    },
    "ctu13-2": {
      "n": 298.0,
      "n_pos": 216.0,
      "f1": 1.0,
      "pr_auc": 1.0
    },
    "ctu13-3": {
      "n": 1869.0,
      "n_pos": 25.0,
      "f1": 0.8888888888888888,
      "pr_auc": 0.9314944268611534
    },
    "ctu13-4": {
      "n": 351.0,
      "n_pos": 90.0,
      "f1": 0.9775280898876404,
      "pr_auc": 0.9985027362042503
    },
    "ctu13-6": {
      "n": 167.0,
      "n_pos": 71.0,
      "f1": 0.993006993006993,
      "pr_auc": 0.9998043818466353
    },
    "ctu13-8": {
      "n": 724.0,
      "n_pos": 95.0,
      "f1": 0.9894736842105263,
      "pr_auc": 0.9994469909627909
    },
    "ctu13-9": {
      "n": 2611.0,
      "n_pos": 2256.0,
      "f1": 0.9980022197558268,
      "pr_auc": 0.9999954939872134
    },
    "iot23-1-1": {
      "n": 34069.0,
      "n_pos": 31339.0,
      "f1": 0.9607296137339055,
      "pr_auc": 0.9374996465971854
    },
    "iot23-17-1": {
      "n": 484.0,
      "n_pos": 388.0,
      "f1": 1.0,
      "pr_auc": 0.9999999999999999
    },
    "iot23-3-1": {
      "n": 152.0,
      "n_pos": 152.0,
      "f1": 0.9966996699669967,
      "pr_auc": 1.0
    },
    "iot23-33-1": {
      "n": 142.0,
      "n_pos": 120.0,
      "f1": 0.9745762711864406,
      "pr_auc": 0.9894042634803507
    },
    "iot23-35-1": {
      "n": 9905.0,
      "n_pos": 31.0,
      "f1": 0.2777777777777778,
      "pr_auc": 0.44813043454103546
    },
    "iot23-48-1": {
      "n": 3711.0,
      "n_pos": 3663.0,
      "f1": 1.0,
      "pr_auc": 1.0
    },
    "iot23-7-1": {
      "n": 93.0,
      "n_pos": 12.0,
      "f1": 0.5,
      "pr_auc": 0.7497336336009105
    },
    "iot23-8-1": {
      "n": 879.0,
      "n_pos": 642.0,
      "f1": 0.8836889194769443,
      "pr_auc": 1.0
    },
    "iot23-9-1": {
      "n": 153.0,
      "n_pos": 21.0,
      "f1": 0.7567567567567568,
      "pr_auc": 0.903384655297526
    },
    "medbiot-bashlite_mal_CC_all": {
      "n": 56.0,
      "n_pos": 56.0,
      "f1": 1.0,
      "pr_auc": 1.0
    },
    "medbiot-bashlite_mal_spread_all": {
      "n": 800.0,
      "n_pos": 776.0,
      "f1": 0.9955099422706863,
      "pr_auc": 0.9999999999999999
    },
    "medbiot-mirai_mal_CC_all": {
      "n": 52.0,
      "n_pos": 52.0,
      "f1": 1.0,
      "pr_auc": 1.0000000000000002
    },
    "medbiot-mirai_mal_spread_all": {
      "n": 116.0,
      "n_pos": 116.0,
      "f1": 1.0,
      "pr_auc": 1.0
    },
    "medbiot-torii_mal_all": {
      "n": 16.0,
      "n_pos": 16.0,
      "f1": 1.0,
      "pr_auc": 1.0
    }
  },
  "args": {
    "config": "configs\\phase5.yaml",
    "seed": 42,
    "device": null,
    "epochs": 100,
    "patience": 15,
    "batch_size": 4,
    "grad_accum": 4,
    "lr": 0.0005,
    "hidden": 128,
    "pool_ratio": 0.5,
    "dropout": 0.3,
    "gt_variant": "hybrid",
    "gt_layers": 4,
    "gt_heads": 4,
    "no_amp": false,
    "results_suffix": "_hybrid4",
    "emb_dir": "data\\flow_embeddings"
  }
}