{
  "fit_seconds": 1818.491441500002,
  "best_val_f1": 0.96814128859522,
  "params": 981639,
  "val": {
    "n": 55049,
    "n_pos": 39439,
    "accuracy": 0.9528783447474068,
    "precision": 0.9388085653716981,
    "recall": 0.9993661096883796,
    "f1": 0.96814128859522,
    "pr_auc": 0.9696243117670951,
    "roc_auc": 0.9440144974328375,
    "tn": 13041,
    "fp": 2569,
    "fn": 25,
    "tp": 39414
  },
  "test": {
    "n": 59210,
    "n_pos": 41063,
    "accuracy": 0.9477622023306874,
    "precision": 0.9381086444823926,
    "recall": 0.9899909894552273,
    "f1": 0.9633517779067976,
    "pr_auc": 0.9638105627837141,
    "roc_auc": 0.9481300408471346,
    "tn": 15465,
    "fp": 2682,
    "fn": 411,
    "tp": 40652
  },
  "test_per_scenario": {
    "ctu13-1": {
      "n": 860.0,
      "n_pos": 620.0,
      "f1": 0.9016829052258636,
      "pr_auc": 0.9995159735480164
    },
    "ctu13-10": {
      "n": 1048.0,
      "n_pos": 147.0,
      "f1": 0.5519287833827893,
      "pr_auc": 0.45401040533823495
    },
    "ctu13-13": {
      "n": 654.0,
      "n_pos": 159.0,
      "f1": 0.9968652037617555,
      "pr_auc": 1.0
    },
    "ctu13-2": {
      "n": 298.0,
      "n_pos": 216.0,
      "f1": 1.0,
      "pr_auc": 1.0000000000000002
    },
    "ctu13-3": {
      "n": 1869.0,
      "n_pos": 25.0,
      "f1": 0.8936170212765957,
      "pr_auc": 0.9609113626618644
    },
    "ctu13-4": {
      "n": 351.0,
      "n_pos": 90.0,
      "f1": 0.9887640449438202,
      "pr_auc": 0.9995181202708086
    },
    "ctu13-6": {
      "n": 167.0,
      "n_pos": 71.0,
      "f1": 0.993006993006993,
      "pr_auc": 0.9998043818466353
    },
    "ctu13-8": {
      "n": 724.0,
      "n_pos": 95.0,
      "f1": 1.0,
      "pr_auc": 1.0
    },
    "ctu13-9": {
      "n": 2611.0,
      "n_pos": 2256.0,
      "f1": 0.9997783196630459,
      "pr_auc": 0.999999803605489
    },
    "iot23-1-1": {
      "n": 34069.0,
      "n_pos": 31339.0,
      "f1": 0.9607885216751487,
      "pr_auc": 0.9427647409708985
    },
    "iot23-17-1": {
      "n": 484.0,
      "n_pos": 388.0,
      "f1": 1.0,
      "pr_auc": 1.0
    },
    "iot23-3-1": {
      "n": 152.0,
      "n_pos": 152.0,
      "f1": 1.0,
      "pr_auc": 0.9999999999999999
    },
    "iot23-33-1": {
      "n": 142.0,
      "n_pos": 120.0,
      "f1": 0.995850622406639,
      "pr_auc": 0.9916299428597148
    },
    "iot23-35-1": {
      "n": 9905.0,
      "n_pos": 31.0,
      "f1": 0.7142857142857143,
      "pr_auc": 0.742097203816332
    },
    "iot23-48-1": {
      "n": 3711.0,
      "n_pos": 3663.0,
      "f1": 1.0,
      "pr_auc": 0.9999999999999999
    },
    "iot23-7-1": {
      "n": 93.0,
      "n_pos": 12.0,
      "f1": 0.8,
      "pr_auc": 0.9811507936507936
    },
    "iot23-8-1": {
      "n": 879.0,
      "n_pos": 642.0,
      "f1": 1.0,
      "pr_auc": 1.0
    },
    "iot23-9-1": {
      "n": 153.0,
      "n_pos": 21.0,
      "f1": 0.8780487804878049,
      "pr_auc": 0.9822331567673184
    },
    "medbiot-bashlite_mal_CC_all": {
      "n": 56.0,
      "n_pos": 56.0,
      "f1": 1.0,
      "pr_auc": 1.0000000000000002
    },
    "medbiot-bashlite_mal_spread_all": {
      "n": 800.0,
      "n_pos": 776.0,
      "f1": 0.8240534521158129,
      "pr_auc": 0.990013484588429
    },
    "medbiot-mirai_mal_CC_all": {
      "n": 52.0,
      "n_pos": 52.0,
      "f1": 1.0,
      "pr_auc": 1.0000000000000002
    },
    "medbiot-mirai_mal_spread_all": {
      "n": 116.0,
      "n_pos": 116.0,
      "f1": 1.0,
      "pr_auc": 1.0
    },
    "medbiot-torii_mal_all": {
      "n": 16.0,
      "n_pos": 16.0,
      "f1": 1.0,
      "pr_auc": 1.0
    }
  },
  "args": {
    "config": "configs\\phase5.yaml",
    "seed": 42,
    "device": null,
    "epochs": 100,
    "patience": 15,
    "batch_size": 4,
    "grad_accum": 4,
    "lr": 0.0005,
    "hidden": 128,
    "pool_ratio": 0.5,
    "dropout": 0.3,
    "gt_variant": "hybrid",
    "gt_layers": 2,
    "gt_heads": 4,
    "no_amp": false,
    "results_suffix": "_hybrid",
    "emb_dir": "data\\flow_embeddings"
  }
}