{
  "fit_seconds": 99.37868830000025,
  "best_val_f1": 0.9036906489736678,
  "params": 144325,
  "val": {
    "n": 55049,
    "n_pos": 39439,
    "accuracy": 0.8649930062308125,
    "precision": 0.9241697368072305,
    "recall": 0.8840994954233119,
    "f1": 0.9036906489736678,
    "pr_auc": 0.9358867966754439,
    "roc_auc": 0.8944177198924071,
    "tn": 12749,
    "fp": 2861,
    "fn": 4571,
    "tp": 34868
  },
  "test": {
    "n": 59210,
    "n_pos": 41063,
    "accuracy": 0.8734842087485222,
    "precision": 0.9259973606740433,
    "recall": 0.8885858315271655,
    "f1": 0.906905936595126,
    "pr_auc": 0.9384013702130759,
    "roc_auc": 0.9061894614444362,
    "tn": 15231,
    "fp": 2916,
    "fn": 4575,
    "tp": 36488
  },
  "test_per_scenario": {
    "ctu13-1": {
      "n": 860.0,
      "n_pos": 620.0,
      "f1": 0.5149700598802395,
      "pr_auc": 0.9968808696273191
    },
    "ctu13-10": {
      "n": 1048.0,
      "n_pos": 147.0,
      "f1": 0.6482213438735178,
      "pr_auc": 0.6881925277123737
    },
    "ctu13-13": {
      "n": 654.0,
      "n_pos": 159.0,
      "f1": 0.9473684210526315,
      "pr_auc": 0.9992958584815046
    },
    "ctu13-2": {
      "n": 298.0,
      "n_pos": 216.0,
      "f1": 0.9811320754716981,
      "pr_auc": 0.9998748748748749
    },
    "ctu13-3": {
      "n": 1869.0,
      "n_pos": 25.0,
      "f1": 0.6046511627906976,
      "pr_auc": 0.6638791149031998
    },
    "ctu13-4": {
      "n": 351.0,
      "n_pos": 90.0,
      "f1": 0.9777777777777777,
      "pr_auc": 0.9909110723626852
    },
    "ctu13-6": {
      "n": 167.0,
      "n_pos": 71.0,
      "f1": 0.9558823529411765,
      "pr_auc": 0.9972424590623901
    },
    "ctu13-8": {
      "n": 724.0,
      "n_pos": 95.0,
      "f1": 0.6666666666666666,
      "pr_auc": 0.9521265538858398
    },
    "ctu13-9": {
      "n": 2611.0,
      "n_pos": 2256.0,
      "f1": 0.9885778275475924,
      "pr_auc": 0.999846628899099
    },
    "iot23-1-1": {
      "n": 34069.0,
      "n_pos": 31339.0,
      "f1": 0.9607885216751487,
      "pr_auc": 0.9179562865256145
    },
    "iot23-17-1": {
      "n": 484.0,
      "n_pos": 388.0,
      "f1": 0.9974160206718347,
      "pr_auc": 0.9999999999999999
    },
    "iot23-3-1": {
      "n": 152.0,
      "n_pos": 152.0,
      "f1": 0.9933774834437086,
      "pr_auc": 0.9999999999999999
    },
    "iot23-33-1": {
      "n": 142.0,
      "n_pos": 120.0,
      "f1": 0.9831932773109243,
      "pr_auc": 0.9993586619043187
    },
    "iot23-35-1": {
      "n": 9905.0,
      "n_pos": 31.0,
      "f1": 0.11989100817438691,
      "pr_auc": 0.4096654569850311
    },
    "iot23-48-1": {
      "n": 3711.0,
      "n_pos": 3663.0,
      "f1": 0.11477097272259393,
      "pr_auc": 0.9997103781639263
    },
    "iot23-7-1": {
      "n": 93.0,
      "n_pos": 12.0,
      "f1": 0.5882352941176471,
      "pr_auc": 0.8672681485181486
    },
    "iot23-8-1": {
      "n": 879.0,
      "n_pos": 642.0,
      "f1": 1.0,
      "pr_auc": 1.0
    },
    "iot23-9-1": {
      "n": 153.0,
      "n_pos": 21.0,
      "f1": 0.7142857142857143,
      "pr_auc": 0.7759354323606336
    },
    "medbiot-bashlite_mal_CC_all": {
      "n": 56.0,
      "n_pos": 56.0,
      "f1": 1.0,
      "pr_auc": 1.0000000000000002
    },
    "medbiot-bashlite_mal_spread_all": {
      "n": 800.0,
      "n_pos": 776.0,
      "f1": 0.5279091769157994,
      "pr_auc": 0.9700172967540459
    },
    "medbiot-mirai_mal_CC_all": {
      "n": 52.0,
      "n_pos": 52.0,
      "f1": 1.0,
      "pr_auc": 1.0
    },
    "medbiot-mirai_mal_spread_all": {
      "n": 116.0,
      "n_pos": 116.0,
      "f1": 1.0,
      "pr_auc": 1.0
    },
    "medbiot-torii_mal_all": {
      "n": 16.0,
      "n_pos": 16.0,
      "f1": 1.0,
      "pr_auc": 1.0
    }
  },
  "config": {
    "encoder": {
      "flow_feat_dim": 13,
      "d_model": 64,
      "nhead": 4,
      "num_layers": 2,
      "max_flows": 256,
      "dropout": 0.1
    },
    "gin": {
      "hidden": 64,
      "num_layers": 3,
      "dropout": 0.3
    },
    "train": {
      "lr": 0.001,
      "weight_decay": 1e-05,
      "batch_size": 2,
      "grad_accum_steps": 8,
      "encoder_chunk_size": 64,
      "amp": true,
      "max_epochs": 120,
      "patience": 20,
      "grad_clip": 1.0,
      "use_focal": true,
      "focal_gamma": 2.0,
      "focal_alpha": null
    },
    "data": {
      "window_seconds": 300
    }
  },
  "raw_feature_skip": true
}