{
  "global_threshold": 0.49999999999999994,
  "global_val_f1": 0.9659290567521409,
  "argmax": {
    "val": {
      "n": 55049,
      "n_pos": 39439,
      "accuracy": 0.9496266962160984,
      "precision": 0.9370202622169249,
      "recall": 0.9966784147671087,
      "f1": 0.9659290567521409,
      "pr_auc": 0.9630056194166242,
      "roc_auc": 0.9331776020636903,
      "tn": 12968,
      "fp": 2642,
      "fn": 131,
      "tp": 39308
    },
    "test": {
      "n": 59210,
      "n_pos": 41063,
      "accuracy": 0.9393683499408884,
      "precision": 0.9261297732493348,
      "recall": 0.991671334291211,
      "f1": 0.9577806002446138,
      "pr_auc": 0.962824181955084,
      "roc_auc": 0.9382489977012112,
      "tn": 14899,
      "fp": 3248,
      "fn": 342,
      "tp": 40721
    },
    "test_per_scenario": {
      "ctu13-1": {
        "n": 860.0,
        "n_pos": 620.0,
        "f1": 0.8820882088208821,
        "pr_auc": 0.9896250957956476
      },
      "ctu13-10": {
        "n": 1048.0,
        "n_pos": 147.0,
        "f1": 0.34285714285714286,
        "pr_auc": 0.5628685380745005
      },
      "ctu13-13": {
        "n": 654.0,
        "n_pos": 159.0,
        "f1": 1.0,
        "pr_auc": 0.9999999999999999
      },
      "ctu13-2": {
        "n": 298.0,
        "n_pos": 216.0,
        "f1": 0.993006993006993,
        "pr_auc": 0.9999572318307386
      },
      "ctu13-3": {
        "n": 1869.0,
        "n_pos": 25.0,
        "f1": 0.6190476190476191,
        "pr_auc": 0.6446278313406043
      },
      "ctu13-4": {
        "n": 351.0,
        "n_pos": 90.0,
        "f1": 0.9775280898876404,
        "pr_auc": 0.9965235352889912
      },
      "ctu13-6": {
        "n": 167.0,
        "n_pos": 71.0,
        "f1": 1.0,
        "pr_auc": 0.9999999999999999
      },
      "ctu13-8": {
        "n": 724.0,
        "n_pos": 95.0,
        "f1": 0.9947089947089947,
        "pr_auc": 1.0
      },
      "ctu13-9": {
        "n": 2611.0,
        "n_pos": 2256.0,
        "f1": 0.9915064818953956,
        "pr_auc": 0.9999960634451397
      },
      "iot23-1-1": {
        "n": 34069.0,
        "n_pos": 31339.0,
        "f1": 0.9607885216751487,
        "pr_auc": 0.9274502591772209
      },
      "iot23-17-1": {
        "n": 484.0,
        "n_pos": 388.0,
        "f1": 1.0,
        "pr_auc": 1.0
      },
      "iot23-3-1": {
        "n": 152.0,
        "n_pos": 152.0,
        "f1": 0.9444444444444444,
        "pr_auc": 0.9999999999999999
      },
      "iot23-33-1": {
        "n": 142.0,
        "n_pos": 120.0,
        "f1": 0.9874476987447699,
        "pr_auc": 0.9941913017370685
      },
      "iot23-35-1": {
        "n": 9905.0,
        "n_pos": 31.0,
        "f1": 0.06408094435075885,
        "pr_auc": 0.48088809882513517
      },
      "iot23-48-1": {
        "n": 3711.0,
        "n_pos": 3663.0,
        "f1": 1.0,
        "pr_auc": 1.0
      },
      "iot23-7-1": {
        "n": 93.0,
        "n_pos": 12.0,
        "f1": 0.16901408450704225,
        "pr_auc": 0.29662433161857044
      },
      "iot23-8-1": {
        "n": 879.0,
        "n_pos": 642.0,
        "f1": 1.0,
        "pr_auc": 1.0
      },
      "iot23-9-1": {
        "n": 153.0,
        "n_pos": 21.0,
        "f1": 0.37142857142857144,
        "pr_auc": 0.5089336450691054
      },
      "medbiot-bashlite_mal_CC_all": {
        "n": 56.0,
        "n_pos": 56.0,
        "f1": 1.0,
        "pr_auc": 1.0000000000000002
      },
      "medbiot-bashlite_mal_spread_all": {
        "n": 800.0,
        "n_pos": 776.0,
        "f1": 0.9847715736040609,
        "pr_auc": 0.99980403009025
      },
      "medbiot-mirai_mal_CC_all": {
        "n": 52.0,
        "n_pos": 52.0,
        "f1": 1.0,
        "pr_auc": 1.0000000000000002
      },
      "medbiot-mirai_mal_spread_all": {
        "n": 116.0,
        "n_pos": 116.0,
        "f1": 1.0,
        "pr_auc": 1.0
      },
      "medbiot-torii_mal_all": {
        "n": 16.0,
        "n_pos": 16.0,
        "f1": 1.0,
        "pr_auc": 1.0
      }
    }
  },
  "global_tau": {
    "test": {
      "n": 59210,
      "n_pos": 41063,
      "accuracy": 0.9393683499408884,
      "precision": 0.9261297732493348,
      "recall": 0.991671334291211,
      "f1": 0.9577806002446138,
      "pr_auc": 0.962824181955084,
      "roc_auc": 0.9382489977012112,
      "tn": 14899,
      "fp": 3248,
      "fn": 342,
      "tp": 40721
    },
    "test_per_scenario": {
      "ctu13-1": {
        "n": 860.0,
        "n_pos": 620.0,
        "f1": 0.8820882088208821,
        "pr_auc": 0.9896250957956476
      },
      "ctu13-10": {
        "n": 1048.0,
        "n_pos": 147.0,
        "f1": 0.34285714285714286,
        "pr_auc": 0.5628685380745005
      },
      "ctu13-13": {
        "n": 654.0,
        "n_pos": 159.0,
        "f1": 1.0,
        "pr_auc": 0.9999999999999999
      },
      "ctu13-2": {
        "n": 298.0,
        "n_pos": 216.0,
        "f1": 0.993006993006993,
        "pr_auc": 0.9999572318307386
      },
      "ctu13-3": {
        "n": 1869.0,
        "n_pos": 25.0,
        "f1": 0.6190476190476191,
        "pr_auc": 0.6446278313406043
      },
      "ctu13-4": {
        "n": 351.0,
        "n_pos": 90.0,
        "f1": 0.9775280898876404,
        "pr_auc": 0.9965235352889912
      },
      "ctu13-6": {
        "n": 167.0,
        "n_pos": 71.0,
        "f1": 1.0,
        "pr_auc": 0.9999999999999999
      },
      "ctu13-8": {
        "n": 724.0,
        "n_pos": 95.0,
        "f1": 0.9947089947089947,
        "pr_auc": 1.0
      },
      "ctu13-9": {
        "n": 2611.0,
        "n_pos": 2256.0,
        "f1": 0.9915064818953956,
        "pr_auc": 0.9999960634451397
      },
      "iot23-1-1": {
        "n": 34069.0,
        "n_pos": 31339.0,
        "f1": 0.9607885216751487,
        "pr_auc": 0.9274502591772209
      },
      "iot23-17-1": {
        "n": 484.0,
        "n_pos": 388.0,
        "f1": 1.0,
        "pr_auc": 1.0
      },
      "iot23-3-1": {
        "n": 152.0,
        "n_pos": 152.0,
        "f1": 0.9444444444444444,
        "pr_auc": 0.9999999999999999
      },
      "iot23-33-1": {
        "n": 142.0,
        "n_pos": 120.0,
        "f1": 0.9874476987447699,
        "pr_auc": 0.9941913017370685
      },
      "iot23-35-1": {
        "n": 9905.0,
        "n_pos": 31.0,
        "f1": 0.06408094435075885,
        "pr_auc": 0.48088809882513517
      },
      "iot23-48-1": {
        "n": 3711.0,
        "n_pos": 3663.0,
        "f1": 1.0,
        "pr_auc": 1.0
      },
      "iot23-7-1": {
        "n": 93.0,
        "n_pos": 12.0,
        "f1": 0.16901408450704225,
        "pr_auc": 0.29662433161857044
      },
      "iot23-8-1": {
        "n": 879.0,
        "n_pos": 642.0,
        "f1": 1.0,
        "pr_auc": 1.0
      },
      "iot23-9-1": {
        "n": 153.0,
        "n_pos": 21.0,
        "f1": 0.37142857142857144,
        "pr_auc": 0.5089336450691054
      },
      "medbiot-bashlite_mal_CC_all": {
        "n": 56.0,
        "n_pos": 56.0,
        "f1": 1.0,
        "pr_auc": 1.0000000000000002
      },
      "medbiot-bashlite_mal_spread_all": {
        "n": 800.0,
        "n_pos": 776.0,
        "f1": 0.9847715736040609,
        "pr_auc": 0.99980403009025
      },
      "medbiot-mirai_mal_CC_all": {
        "n": 52.0,
        "n_pos": 52.0,
        "f1": 1.0,
        "pr_auc": 1.0000000000000002
      },
      "medbiot-mirai_mal_spread_all": {
        "n": 116.0,
        "n_pos": 116.0,
        "f1": 1.0,
        "pr_auc": 1.0
      },
      "medbiot-torii_mal_all": {
        "n": 16.0,
        "n_pos": 16.0,
        "f1": 1.0,
        "pr_auc": 1.0
      }
    }
  },
  "per_scenario_tau": {
    "test": {
      "n": 59210,
      "n_pos": 41063,
      "accuracy": 0.9422563756122276,
      "precision": 0.9269963702359346,
      "recall": 0.9951050824343083,
      "f1": 0.9598440271073371,
      "pr_auc": 0.962824181955084,
      "roc_auc": 0.9382489977012112,
      "tn": 14929,
      "fp": 3218,
      "fn": 201,
      "tp": 40862
    },