{
  "fit_seconds": 1198.5349395999992,
  "best_val_f1": 0.9679479307380572,
  "params": 225818,
  "val": {
    "n": 55049,
    "n_pos": 39439,
    "accuracy": 0.9525876945993569,
    "precision": 0.9385344478578743,
    "recall": 0.9992646872385202,
    "f1": 0.9679479307380572,
    "pr_auc": 0.9697498365719955,
    "roc_auc": 0.9442887092042449,
    "tn": 13029,
    "fp": 2581,
    "fn": 29,
    "tp": 39410
  },
  "test": {
    "n": 59210,
    "n_pos": 41063,
    "accuracy": 0.9400945786184766,
    "precision": 0.9388657526554677,
    "recall": 0.9772544626549449,
    "f1": 0.9576755563510531,
    "pr_auc": 0.9646783747438069,
    "roc_auc": 0.9352059515429321,
    "tn": 15534,
    "fp": 2613,
    "fn": 934,
    "tp": 40129
  },
  "test_per_scenario": {
    "ctu13-1": {
      "n": 860.0,
      "n_pos": 620.0,
      "f1": 0.9683860232945092,
      "pr_auc": 0.9997858491034102
    },
    "ctu13-10": {
      "n": 1048.0,
      "n_pos": 147.0,
      "f1": 0.5882352941176471,
      "pr_auc": 0.5860663319736852
    },
    "ctu13-13": {
      "n": 654.0,
      "n_pos": 159.0,
      "f1": 0.954248366013072,
      "pr_auc": 0.9993395342327274
    },
    "ctu13-2": {
      "n": 298.0,
      "n_pos": 216.0,
      "f1": 1.0,
      "pr_auc": 1.0
    },
    "ctu13-3": {
      "n": 1869.0,
      "n_pos": 25.0,
      "f1": 0.717948717948718,
      "pr_auc": 0.9213244333910676
    },
    "ctu13-4": {
      "n": 351.0,
      "n_pos": 90.0,
      "f1": 0.9830508474576272,
      "pr_auc": 0.9960900827567494
    },
    "ctu13-6": {
      "n": 167.0,
      "n_pos": 71.0,
      "f1": 0.9857142857142858,
      "pr_auc": 0.9998043818466353
    },
    "ctu13-8": {
      "n": 724.0,
      "n_pos": 95.0,
      "f1": 0.9947089947089947,
      "pr_auc": 1.0
    },
    "ctu13-9": {
      "n": 2611.0,
      "n_pos": 2256.0,
      "f1": 0.998669623059867,
      "pr_auc": 0.9989760367510984
    },
    "iot23-1-1": {
      "n": 34069.0,
      "n_pos": 31339.0,
      "f1": 0.9607885216751487,
      "pr_auc": 0.9423498972923366
    },
    "iot23-17-1": {
      "n": 484.0,
      "n_pos": 388.0,
      "f1": 1.0,
      "pr_auc": 1.0
    },
    "iot23-3-1": {
      "n": 152.0,
      "n_pos": 152.0,
      "f1": 0.9966996699669967,
      "pr_auc": 1.0
    },
    "iot23-33-1": {
      "n": 142.0,
      "n_pos": 120.0,
      "f1": 0.995850622406639,
      "pr_auc": 0.9951018304767743
    },
    "iot23-35-1": {
      "n": 9905.0,
      "n_pos": 31.0,
      "f1": 0.6037735849056604,
      "pr_auc": 0.6089671120776534
    },
    "iot23-48-1": {
      "n": 3711.0,
      "n_pos": 3663.0,
      "f1": 1.0,
      "pr_auc": 1.0
    },
    "iot23-7-1": {
      "n": 93.0,
      "n_pos": 12.0,
      "f1": 0.7368421052631579,
      "pr_auc": 0.8703437019969279
    },
    "iot23-8-1": {
      "n": 879.0,
      "n_pos": 642.0,
      "f1": 1.0,
      "pr_auc": 1.0
    },
    "iot23-9-1": {
      "n": 153.0,
      "n_pos": 21.0,
      "f1": 0.95,
      "pr_auc": 0.9795031055900622
    },
    "medbiot-bashlite_mal_CC_all": {
      "n": 56.0,
      "n_pos": 56.0,
      "f1": 1.0,
      "pr_auc": 1.0000000000000002
    },
    "medbiot-bashlite_mal_spread_all": {
      "n": 800.0,
      "n_pos": 776.0,
      "f1": 0.010256410256410256,
      "pr_auc": 0.962475604256387
    },
    "medbiot-mirai_mal_CC_all": {
      "n": 52.0,
      "n_pos": 52.0,
      "f1": 1.0,
      "pr_auc": 1.0
    },
    "medbiot-mirai_mal_spread_all": {
      "n": 116.0,
      "n_pos": 116.0,
      "f1": 1.0,
      "pr_auc": 1.0
    },
    "medbiot-torii_mal_all": {
      "n": 16.0,
      "n_pos": 16.0,
      "f1": 1.0,
      "pr_auc": 1.0
    }
  },
  "args": {
    "config": "configs\\phase5.yaml",
    "seed": 42,
    "device": null,
    "epochs": 100,
    "patience": 15,
    "batch_size": 4,
    "grad_accum": 4,
    "lr": 0.0005,
    "hidden": 128,
    "pool_ratio": 0.25,
    "max_nodes": 400,
    "dropout": 0.3,
    "w_link": 0.1,
    "w_ent": 0.1,
    "no_amp": false,
    "tam": true,
    "tam_alpha": 1.5,
    "tam_ccm_beta": 0.5,
    "results_suffix": "_tam"
  }
}