{
  "fit_seconds": 1884.3558483999986,
  "best_val_f1": 0.9682204430473009,
  "params": 607879,
  "val": {
    "n": 55049,
    "n_pos": 39439,
    "accuracy": 0.9529873385529256,
    "precision": 0.938733719075172,
    "recall": 0.9996196658130277,
    "f1": 0.9682204430473009,
    "pr_auc": 0.9693144696271158,
    "roc_auc": 0.9437006953334093,
    "tn": 13037,
    "fp": 2573,
    "fn": 15,
    "tp": 39424
  },
  "test": {
    "n": 59210,
    "n_pos": 41063,
    "accuracy": 0.9531835838540788,
    "precision": 0.9383629078420149,
    "recall": 0.9980517741032072,
    "f1": 0.967287403526163,
    "pr_auc": 0.967311186761816,
    "roc_auc": 0.9493136676585647,
    "tn": 15455,
    "fp": 2692,
    "fn": 80,
    "tp": 40983
  },
  "test_per_scenario": {
    "ctu13-1": {
      "n": 860.0,
      "n_pos": 620.0,
      "f1": 0.9975825946817083,
      "pr_auc": 0.9999530249056925
    },
    "ctu13-10": {
      "n": 1048.0,
      "n_pos": 147.0,
      "f1": 0.5953757225433526,
      "pr_auc": 0.5367548322636149
    },
    "ctu13-13": {
      "n": 654.0,
      "n_pos": 159.0,
      "f1": 0.9968652037617555,
      "pr_auc": 1.0
    },
    "ctu13-2": {
      "n": 298.0,
      "n_pos": 216.0,
      "f1": 1.0,
      "pr_auc": 1.0
    },
    "ctu13-3": {
      "n": 1869.0,
      "n_pos": 25.0,
      "f1": 0.8,
      "pr_auc": 0.8776227680701367
    },
    "ctu13-4": {
      "n": 351.0,
      "n_pos": 90.0,
      "f1": 0.9832402234636871,
      "pr_auc": 0.9982978723404254
    },
    "ctu13-6": {
      "n": 167.0,
      "n_pos": 71.0,
      "f1": 0.993006993006993,
      "pr_auc": 0.9998043818466354
    },
    "ctu13-8": {
      "n": 724.0,
      "n_pos": 95.0,
      "f1": 0.9947643979057592,
      "pr_auc": 1.0
    },
    "ctu13-9": {
      "n": 2611.0,
      "n_pos": 2256.0,
      "f1": 0.999113867966327,
      "pr_auc": 0.9999978384382963
    },
    "iot23-1-1": {
      "n": 34069.0,
      "n_pos": 31339.0,
      "f1": 0.9607885216751487,
      "pr_auc": 0.943391255549598
    },
    "iot23-17-1": {
      "n": 484.0,
      "n_pos": 388.0,
      "f1": 1.0,
      "pr_auc": 0.9999999999999999
    },
    "iot23-3-1": {
      "n": 152.0,
      "n_pos": 152.0,
      "f1": 1.0,
      "pr_auc": 0.9999999999999999
    },
    "iot23-33-1": {
      "n": 142.0,
      "n_pos": 120.0,
      "f1": 0.995850622406639,
      "pr_auc": 0.999432408217003
    },
    "iot23-35-1": {
      "n": 9905.0,
      "n_pos": 31.0,
      "f1": 0.625,
      "pr_auc": 0.8134327670740538
    },
    "iot23-48-1": {
      "n": 3711.0,
      "n_pos": 3663.0,
      "f1": 0.999863481228669,
      "pr_auc": 1.0
    },
    "iot23-7-1": {
      "n": 93.0,
      "n_pos": 12.0,
      "f1": 0.8,
      "pr_auc": 0.9935897435897437
    },
    "iot23-8-1": {
      "n": 879.0,
      "n_pos": 642.0,
      "f1": 1.0,
      "pr_auc": 1.0
    },
    "iot23-9-1": {
      "n": 153.0,
      "n_pos": 21.0,
      "f1": 0.8947368421052632,
      "pr_auc": 0.9845961373054969
    },
    "medbiot-bashlite_mal_CC_all": {
      "n": 56.0,
      "n_pos": 56.0,
      "f1": 1.0,
      "pr_auc": 1.0000000000000002
    },
    "medbiot-bashlite_mal_spread_all": {
      "n": 800.0,
      "n_pos": 776.0,
      "f1": 0.9847715736040609,
      "pr_auc": 0.9998821115773489
    },
    "medbiot-mirai_mal_CC_all": {
      "n": 52.0,
      "n_pos": 52.0,
      "f1": 1.0,
      "pr_auc": 0.9999999999999999
    },
    "medbiot-mirai_mal_spread_all": {
      "n": 116.0,
      "n_pos": 116.0,
      "f1": 1.0,
      "pr_auc": 0.9999999999999998
    },
    "medbiot-torii_mal_all": {
      "n": 16.0,
      "n_pos": 16.0,
      "f1": 1.0,
      "pr_auc": 1.0
    }
  },
  "args": {
    "config": "configs\\phase5.yaml",
    "seed": 42,
    "device": null,
    "epochs": 100,
    "patience": 15,
    "batch_size": 4,
    "grad_accum": 4,
    "lr": 0.0005,
    "hidden": 128,
    "pool_ratio": 0.5,
    "dropout": 0.3,
    "gt_variant": "global",
    "gt_layers": 2,
    "gt_heads": 4,
    "no_amp": false,
    "results_suffix": "_global",
    "emb_dir": "data\\flow_embeddings"
  }
}