{
  "fit_seconds": 111.74876999999833,
  "best_val_f1": 0.8074908516897468,
  "params": 981639,
  "val": {
    "n": 55049,
    "n_pos": 39439,
    "accuracy": 0.7563080164943959,
    "precision": 0.9302056470277061,
    "recall": 0.7133801566976851,
    "f1": 0.8074908516897468,
    "pr_auc": 0.9246719471085789,
    "roc_auc": 0.8345674193634267,
    "tn": 13499,
    "fp": 2111,
    "fn": 11304,
    "tp": 28135
  },
  "test": {
    "n": 59210,
    "n_pos": 41063,
    "accuracy": 0.6691437257220064,
    "precision": 0.939750153594102,
    "recall": 0.5587511872001558,
    "f1": 0.7008155410977733,
    "pr_auc": 0.9282764745754631,
    "roc_auc": 0.8699523678387912,
    "tn": 16676,
    "fp": 1471,
    "fn": 18119,
    "tp": 22944
  },
  "test_per_scenario": {
    "ctu13-1": {
      "n": 860.0,
      "n_pos": 620.0,
      "f1": 0.826868495742668,
      "pr_auc": 0.998935114824576
    },
    "ctu13-10": {
      "n": 1048.0,
      "n_pos": 147.0,
      "f1": 0.43621399176954734,
      "pr_auc": 0.4366845111188911
    },
    "ctu13-13": {
      "n": 654.0,
      "n_pos": 159.0,
      "f1": 1.0,
      "pr_auc": 1.0
    },
    "ctu13-2": {
      "n": 298.0,
      "n_pos": 216.0,
      "f1": 0.9976798143851509,
      "pr_auc": 1.0
    },
    "ctu13-3": {
      "n": 1869.0,
      "n_pos": 25.0,
      "f1": 0.8636363636363636,
      "pr_auc": 0.8955448117876478
    },
    "ctu13-4": {
      "n": 351.0,
      "n_pos": 90.0,
      "f1": 0.9887640449438202,
      "pr_auc": 0.9977744411077744
    },
    "ctu13-6": {
      "n": 167.0,
      "n_pos": 71.0,
      "f1": 0.9787234042553191,
      "pr_auc": 0.9989935528705213
    },
    "ctu13-8": {
      "n": 724.0,
      "n_pos": 95.0,
      "f1": 0.782051282051282,
      "pr_auc": 0.9890507669105224
    },
    "ctu13-9": {
      "n": 2611.0,
      "n_pos": 2256.0,
      "f1": 0.9573338993844195,
      "pr_auc": 0.9998237855960765
    },
    "iot23-1-1": {
      "n": 34069.0,
      "n_pos": 31339.0,
      "f1": 0.5906209292227529,
      "pr_auc": 0.9257968491244836
    },
    "iot23-17-1": {
      "n": 484.0,
      "n_pos": 388.0,
      "f1": 1.0,
      "pr_auc": 0.9999999999999999
    },
    "iot23-3-1": {
      "n": 152.0,
      "n_pos": 152.0,
      "f1": 0.9966996699669967,
      "pr_auc": 0.9999999999999999
    },
    "iot23-33-1": {
      "n": 142.0,
      "n_pos": 120.0,
      "f1": 0.8078817733990148,
      "pr_auc": 0.9944605011472452
    },
    "iot23-35-1": {
      "n": 9905.0,
      "n_pos": 31.0,
      "f1": 0.2620689655172414,
      "pr_auc": 0.595838237019363
    },
    "iot23-48-1": {
      "n": 3711.0,
      "n_pos": 3663.0,
      "f1": 0.999863481228669,
      "pr_auc": 1.0
    },
    "iot23-7-1": {
      "n": 93.0,
      "n_pos": 12.0,
      "f1": 0.7368421052631579,
      "pr_auc": 0.9041276737967915
    },
    "iot23-8-1": {
      "n": 879.0,
      "n_pos": 642.0,
      "f1": 1.0,
      "pr_auc": 1.0
    },
    "iot23-9-1": {
      "n": 153.0,
      "n_pos": 21.0,
      "f1": 0.8837209302325582,
      "pr_auc": 0.9329434498298315
    },
    "medbiot-bashlite_mal_CC_all": {
      "n": 56.0,
      "n_pos": 56.0,
      "f1": 1.0,
      "pr_auc": 1.0000000000000002
    },
    "medbiot-bashlite_mal_spread_all": {
      "n": 800.0,
      "n_pos": 776.0,
      "f1": 0.994234465086483,
      "pr_auc": 1.0
    },
    "medbiot-mirai_mal_CC_all": {
      "n": 52.0,
      "n_pos": 52.0,
      "f1": 1.0,
      "pr_auc": 1.0000000000000002
    },
    "medbiot-mirai_mal_spread_all": {
      "n": 116.0,
      "n_pos": 116.0,
      "f1": 1.0,
      "pr_auc": 1.0
    },
    "medbiot-torii_mal_all": {
      "n": 16.0,
      "n_pos": 16.0,
      "f1": 1.0,
      "pr_auc": 1.0
    }
  },
  "args": {
    "config": "configs\\phase5.yaml",
    "seed": 42,
    "device": null,
    "epochs": 2,
    "patience": 15,
    "batch_size": 2,
    "grad_accum": 4,
    "lr": 0.0005,
    "hidden": 128,
    "pool_ratio": 0.5,
    "dropout": 0.3,
    "gt_variant": "hybrid",
    "gt_layers": 2,
    "gt_heads": 4,
    "no_amp": false,
    "results_suffix": "_smoke_hybrid",
    "emb_dir": "data\\flow_embeddings"
  }
}